2015_09_01,0.769,0.525,0.65,0.864,0.321,0.592,0,1,0,0,-1,0
2015_09_02,0.677,0.493,0.578,0.889,0.395,0.648,1,0,0,0,-1,0
2015_09_03,0.632,0.474,0.566,0.778,0.358,0.576,0,1,0,0,-1,0
2015_09_04,0.662,0.484,0.56,0.63,0.21,0.459,0,0,1,0,-1,0
2015_09_05,0.6,0.449,0.521,0.716,0.296,0.512,0,0,0,1,-1,0
2015_09_06,0.564,0.413,0.49,0.877,0.321,0.54,0,0,1,0,-1,0
2015_09_07,0.61,0.381,0.498,0.716,0.321,0.531,0,0,1,0,-1,0
2015_09_08,0.685,0.392,0.527,0.827,0.272,0.577,0,1,0,0,-1,0
2015_09_09,0.683,0.369,0.523,0.741,0.259,0.528,0,1,0,0,-1,0
2015_09_10,0.66,0.367,0.513,0.753,0.272,0.534,0,0,1,0,-1,0
2015_09_11,0.716,0.394,0.558,0.728,0.235,0.506,0,1,0,0,-1,0
2015_09_12,0.807,0.504,0.636,0.914,0.16,0.54,0,0,1,0,-1,0
2015_09_13,0.769,0.528,0.637,0.926,0.321,0.666,0,1,0,0,-1,0
2015_09_14,0.678,0.482,0.571,0.926,0.321,0.644,0,0,1,0,-1,0
2015_09_15,0.629,0.417,0.535,0.728,0.321,0.546,0,0,0,1,-1,0
2015_09_16,0.793,0.513,0.615,0.679,0.296,0.575,0,0,1,0,-1,0
2015_09_17,0.649,0.465,0.547,0.963,0.296,0.681,0,0,1,0,-1,0
2015_09_18,0.633,0.415,0.527,0.815,0.333,0.597,0,0,1,0,-1,0
2015_09_19,0.557,0.428,0.501,0.79,0.593,0.678,0,1,0,0,-1,0
2015_09_20,0.597,0.426,0.496,0.889,0.432,0.701,1,0,0,0,-1,0
2015_09_21,0.649,0.366,0.516,0.951,0.37,0.652,0,0,1,0,-1,0
2015_09_22,0.628,0.45,0.531,0.778,0.383,0.621,0,1,0,0,-1,0
2015_09_23,0.513,0.398,0.459,0.778,0.556,0.673,0,0,1,0,-1,0
2015_09_24,0.611,0.437,0.51,0.802,0.346,0.594,0,0,1,0,-1,0
2015_09_25,0.635,0.403,0.516,0.802,0.395,0.617,1,0,0,0,-1,0
2015_09_26,0.65,0.43,0.52,0.938,0.37,0.692,1,0,0,0,-1,0
2015_09_27,0.622,0.358,0.479,0.926,0.296,0.622,0,0,1,0,-1,0
2015_09_28,0.588,0.278,0.435,0.926,0.247,0.587,0,0,1,0,-1,0
2015_09_29,0.593,0.262,0.446,0.914,0.272,0.534,0,0,1,0,-1,0
2015_09_30,0.599,0.304,0.444,0.877,0.284,0.572,0,0,0,1,-1,0
2015_10_01,0.589,0.281,0.422,0.864,0.346,0.624,0,0,1,0,-0.866,0.5
2015_10_02,0.628,0.328,0.476,0.901,0.358,0.652,0,1,0,0,-0.866,0.5
2015_10_03,0.652,0.434,0.54,0.852,0.432,0.645,1,0,0,0,-0.866,0.5
2015_10_04,0.59,0.44,0.509,0.951,0.469,0.665,1,0,0,0,-0.866,0.5
2015_10_05,0.679,0.417,0.545,0.864,0.296,0.661,0,1,0,0,-0.866,0.5
2015_10_06,0.725,0.474,0.574,0.926,0.395,0.754,0,1,0,0,-0.866,0.5
2015_10_07,0.584,0.468,0.519,0.802,0.444,0.656,0,0,1,0,-0.866,0.5
2015_10_08,0.572,0.424,0.488,0.802,0.432,0.62,0,1,0,0,-0.866,0.5
2015_10_09,0.602,0.404,0.49,0.877,0.494,0.72,1,0,0,0,-0.866,0.5
2015_10_10,0.587,0.382,0.458,0.951,0.494,0.785,0,1,0,0,-0.866,0.5
2015_10_11,0.574,0.346,0.445,0.938,0.432,0.722,0,1,0,0,-0.866,0.5
2015_10_12,0.528,0.296,0.416,0.864,0.457,0.629,1,0,0,0,-0.866,0.5
2015_10_13,0.507,0.323,0.409,0.827,0.346,0.626,0,0,0,1,-0.866,0.5
2015_10_14,0.407,0.262,0.336,0.802,0.519,0.671,0,0,1,0,-0.866,0.5
2015_10_15,0.385,0.26,0.313,0.914,0.642,0.794,1,0,0,0,-0.866,0.5
2015_10_16,0.435,0.28,0.349,0.926,0.358,0.657,0,1,0,0,-0.866,0.5
2015_10_17,0.444,0.281,0.356,0.79,0.407,0.617,0,1,0,0,-0.866,0.5
2015_10_18,0.472,0.35,0.393,0.827,0.519,0.713,1,0,0,0,-0.866,0.5
2015_10_19,0.453,0.29,0.366,0.84,0.506,0.675,1,0,0,0,-0.866,0.5
2015_10_20,0.484,0.23,0.35,0.926,0.432,0.73,0,1,0,0,-0.866,0.5
2015_10_21,0.485,0.349,0.414,0.778,0.506,0.635,0,0,1,0,-0.866,0.5
2015_10_22,0.468,0.352,0.413,0.877,0.543,0.716,0,1,0,0,-0.866,0.5
2015_10_23,0.558,0.406,0.458,0.877,0.556,0.742,1,0,0,0,-0.866,0.5
2015_10_24,0.643,0.325,0.487,0.938,0.432,0.658,0,1,0,0,-0.866,0.5
2015_10_25,0.59,0.426,0.517,0.926,0.494,0.682,0,1,0,0,-0.866,0.5
2015_10_26,0.588,0.374,0.473,0.926,0.469,0.73,0,1,0,0,-0.866,0.5
2015_10_27,0.586,0.389,0.475,0.926,0.358,0.685,0,1,0,0,-0.866,0.5
2015_10_28,0.633,0.427,0.508,0.914,0.42,0.622,0,1,0,0,-0.866,0.5
2015_10_29,0.539,0.396,0.465,0.852,0.556,0.735,0,0,1,0,-0.866,0.5
2015_10_30,0.572,0.371,0.445,0.914,0.519,0.765,0,0,1,0,-0.866,0.5
2015_10_31,0.57,0.386,0.459,0.963,0.506,0.772,1,0,0,0,-0.866,0.5
2015_11_01,0.555,0.338,0.437,0.951,0.457,0.78,1,0,0,0,-0.5,0.866
2015_11_02,0.532,0.282,0.414,0.877,0.358,0.632,1,0,0,0,-0.5,0.866
2015_11_03,0.526,0.27,0.416,0.864,0.383,0.618,0,1,0,0,-0.5,0.866
2015_11_04,0.606,0.393,0.482,0.778,0.42,0.634,0,0,1,0,-0.5,0.866
2015_11_05,0.604,0.424,0.48,0.765,0.407,0.587,0,0,1,0,-0.5,0.866
2015_11_06,0.641,0.395,0.508,0.815,0.506,0.642,0,0,0,1,-0.5,0.866
2015_11_07,0.663,0.495,0.565,0.889,0.543,0.707,0,0,0,1,-0.5,0.866
2015_11_08,0.668,0.488,0.551,0.889,0.272,0.609,0,0,1,0,-0.5,0.866
2015_11_09,0.637,0.459,0.535,0.864,0.42,0.627,0,0,0,1,-0.5,0.866
2015_11_10,0.54,0.333,0.464,0.889,0.494,0.747,0,0,0,1,-0.5,0.866
2015_11_11,0.528,0.305,0.41,0.704,0,0.454,0,0,0,1,-0.5,0.866
2015_11_12,0.52,0.372,0.427,0.765,0.37,0.615,0,0,1,0,-0.5,0.866
2015_11_13,0.541,0.377,0.452,0.765,0.494,0.646,0,0,0,1,-0.5,0.866
2015_11_14,0.465,0.334,0.413,0.914,0.42,0.652,0,0,0,1,-0.5,0.866
2015_11_15,0.591,0.375,0.471,0.605,0.16,0.382,0,0,0,1,-0.5,0.866
2015_11_16,0.571,0.367,0.444,0.691,0.259,0.447,0,0,0,1,-0.5,0.866
2015_11_17,0.56,0.352,0.478,0.741,0.42,0.623,0,0,0,1,-0.5,0.866
2015_11_18,0.552,0.412,0.485,0.802,0.457,0.664,0,0,0,1,-0.5,0.866
2015_11_19,0.561,0.437,0.5,0.753,0.494,0.628,0,0,0,1,-0.5,0.866
2015_11_20,0.546,0.337,0.496,0.926,0.519,0.739,0,0,0,1,-0.5,0.866
2015_11_21,0.346,0.221,0.296,0.926,0.617,0.754,0,0,0,1,-0.5,0.866
2015_11_22,0.295,0.22,0.247,0.889,0.543,0.763,0,0,1,0,-0.5,0.866
2015_11_23,0.287,0.19,0.228,0.951,0.642,0.814,0,1,0,0,-0.5,0.866
2015_11_24,0.328,0.172,0.241,0.889,0.432,0.669,0,0,0,1,-0.5,0.866
2015_11_25,0.354,0.266,0.305,0.877,0.63,0.745,0,0,0,1,-0.5,0.866
2015_11_26,0.322,0.267,0.289,0.889,0.704,0.822,0,1,0,0,-0.5,0.866
2015_11_27,0.297,0.176,0.242,0.926,0.654,0.774,0,0,1,0,-0.5,0.866
2015_11_28,0.327,0.184,0.257,0.901,0.654,0.781,0,0,0,1,-0.5,0.866
2015_11_29,0.419,0.253,0.346,0.753,0.642,0.69,0,0,0,1,-0.5,0.866
2015_11_30,0.461,0.385,0.416,0.753,0.617,0.688,0,0,0,1,-0.5,0.866
2015_12_01,0.462,0.35,0.411,0.84,0.617,0.711,0,0,1,0,0,1
2015_12_02,0.452,0.306,0.376,0.963,0.617,0.782,0,0,0,1,0,1
2015_12_03,0.423,0.278,0.328,0.951,0.111,0.746,0,0,0,1,0,1
2015_12_04,0.392,0.295,0.342,0.926,0.185,0.581,0,0,0,1,0,1
2015_12_05,0.405,0.33,0.357,0.951,0.716,0.859,0,0,0,1,0,1
2015_12_06,0.515,0.334,0.403,0.802,0.543,0.702,0,0,0,1,0,1
2015_12_07,0.473,0.316,0.384,0.84,0.444,0.682,0,0,1,0,0,1
2015_12_08,0.449,0.304,0.366,0.728,0.543,0.608,0,0,0,1,0,1
2015_12_09,0.4,0.298,0.361,0.926,0.654,0.826,0,0,0,1,0,1
2015_12_10,0.385,0.223,0.288,0.914,0.123,0.64,0,0,0,1,0,1
2015_12_11,0.409,0.237,0.317,0.815,0.481,0.654,0,0,0,1,0,1
2015_12_12,0.438,0.247,0.343,0.877,0.605,0.744,0,0,1,0,0,1
2015_12_13,0.389,0.254,0.324,0.877,0.58,0.715,0,1,0,0,0,1
2015_12_14,0.428,0.266,0.325,0.926,0.617,0.779,0,1,0,0,0,1
2015_12_15,0.433,0.281,0.359,0.827,0.58,0.737,0,1,0,0,0,1
2015_12_16,0.541,0.371,0.456,0.864,0.605,0.764,0,0,0,1,0,1
2015_12_17,0.53,0.38,0.445,0.901,0.58,0.771,0,0,0,1,0,1
2015_12_18,0.489,0.372,0.416,0.852,0.568,0.739,0,0,1,0,0,1
2015_12_19,0.486,0.343,0.403,0.79,0.617,0.683,0,0,0,1,0,1
2015_12_20,0.471,0.307,0.391,0.84,0.568,0.671,0,0,0,1,0,1
2015_12_21,0.488,0.333,0.418,0.84,0.519,0.682,0,0,0,1,0,1
2015_12_22,0.468,0.316,0.384,0.84,0.58,0.715,0,0,0,1,0,1
2015_12_23,0.491,0.347,0.408,0.914,0.605,0.754,0,0,0,1,0,1
2015_12_24,0.506,0.317,0.413,0.914,0.395,0.693,0,0,0,1,0,1
2015_12_25,0.47,0.346,0.408,0.877,0.617,0.762,0,0,0,1,0,1
2015_12_26,0.463,0.3,0.375,0.778,0.605,0.68,0,0,0,1,0,1
2015_12_27,0.454,0.294,0.359,0.778,0.506,0.623,0,0,0,1,0,1
2015_12_28,0.442,0.218,0.323,0.741,0.198,0.493,0,0,1,0,0,1
2015_12_29,0.414,0.262,0.35,0.852,0.21,0.511,0,0,1,0,0,1
2015_12_30,0.419,0.237,0.344,0.951,0.556,0.817,0,0,0,1,0,1
2015_12_31,0.445,0.228,0.354,0.951,0.617,0.793,0,0,0,1,0,1
2016_01_01,0.385,0.315,0.344,0.963,0.691,0.811,0,0,1,0,0.5,0.866
2016_01_02,0.375,0.279,0.324,0.926,0.691,0.832,0,0,0,1,0.5,0.866
2016_01_03,0.41,0.287,0.342,0.802,0.457,0.651,0,0,0,1,0.5,0.866
2016_01_04,0.382,0.281,0.339,0.802,0.593,0.712,0,0,0,1,0.5,0.866
2016_01_05,0.389,0.258,0.325,0.938,0.568,0.732,0,0,0,1,0.5,0.866
2016_01_06,0.392,0.246,0.318,0.84,0.519,0.724,0,1,0,0,0.5,0.866
2016_01_07,0.414,0.237,0.313,0.877,0.679,0.801,0,0,0,1,0.5,0.866
2016_01_08,0.439,0.285,0.349,0.914,0.469,0.788,0,0,0,1,0.5,0.866
2016_01_09,0.465,0.325,0.382,0.963,0.679,0.859,0,0,0,1,0.5,0.866
2016_01_10,0.414,0.344,0.377,0.852,0.519,0.707,0,0,0,1,0.5,0.866
2016_01_11,0.405,0.305,0.348,0.938,0.568,0.757,0,0,0,1,0.5,0.866
2016_01_12,0.359,0.272,0.317,0.778,0.642,0.71,0,0,0,1,0.5,0.866
2016_01_13,0.296,0.197,0.259,0.79,0.679,0.734,0,0,0,1,0.5,0.866
2016_01_14,0.305,0.156,0.223,0.914,0.432,0.781,0,0,0,1,0.5,0.866
2016_01_15,0.283,0.193,0.228,0.914,0.531,0.758,0,0,0,1,0.5,0.866
2016_01_16,0.267,0.175,0.22,0.914,0.531,0.774,0,0,0,1,0.5,0.866
2016_01_17,0.24,0.116,0.186,0.938,0.407,0.697,0,1,0,0,0.5,0.866
2016_01_18,0.234,0.084,0.159,0.802,0.383,0.621,0,0,1,0,0.5,0.866
2016_01_19,0.326,0.189,0.252,0.914,0.617,0.8,1,0,0,0,0.5,0.866
2016_01_20,0.281,0.208,0.25,0.951,0.679,0.823,1,0,0,0,0.5,0.866
2016_01_21,0.293,0.168,0.213,0.951,0.469,0.745,0,1,0,0,0.5,0.866
2016_01_22,0.324,0.152,0.235,0.84,0.457,0.716,0,0,0,1,0.5,0.866
2016_01_23,0.398,0.254,0.337,0.963,0.679,0.819,0,0,1,0,0.5,0.866
2016_01_24,0.424,0.202,0.312,0.975,0.568,0.714,0,0,0,1,0.5,0.866
2016_01_25,0.466,0.296,0.377,0.654,0.259,0.485,0,0,0,1,0.5,0.866
2016_01_26,0.477,0.329,0.393,0.852,0.284,0.641,0,0,0,1,0.5,0.866
2016_01_27,0.506,0.323,0.425,0.802,0.506,0.706,0,0,0,1,0.5,0.866
2016_01_28,0.489,0.389,0.435,0.963,0.432,0.723,0,0,1,0,0.5,0.866
2016_01_29,0.426,0.339,0.379,0.963,0.704,0.813,0,0,0,1,0.5,0.866
2016_01_30,0.467,0.291,0.376,0.802,0.407,0.642,0,0,0,1,0.5,0.866
2016_01_31,0.468,0.323,0.401,0.877,0.691,0.783,0,0,0,1,0.5,0.866
2016_02_01,0.493,0.414,0.45,0.79,0.568,0.691,0,0,0,1,0.866,0.5
2016_02_02,0.498,0.394,0.439,0.802,0.531,0.676,0,0,0,1,0.866,0.5
2016_02_03,0.419,0.257,0.309,0.84,0.58,0.74,0,0,0,1,0.866,0.5
2016_02_04,0.342,0.251,0.293,0.864,0.543,0.776,0,0,1,0,0.866,0.5
2016_02_05,0.473,0.286,0.382,0.926,0.531,0.784,0,0,0,1,0.866,0.5
2016_02_06,0.533,0.209,0.343,0.963,0.272,0.714,0,0,0,1,0.866,0.5
2016_02_07,0.356,0.214,0.29,0.951,0.704,0.814,0,0,0,1,0.866,0.5
2016_02_08,0.47,0.256,0.364,0.753,0.457,0.597,0,0,0,1,0.866,0.5
2016_02_09,0.455,0.286,0.387,0.79,0.469,0.615,0,0,0,1,0.866,0.5
2016_02_10,0.332,0.212,0.26,0.84,0.506,0.699,0,0,0,1,0.866,0.5
2016_02_11,0.352,0.199,0.274,0.914,0.432,0.663,0,1,0,0,0.866,0.5
2016_02_12,0.366,0.202,0.285,0.901,0.395,0.687,0,1,0,0,0.866,0.5
2016_02_13,0.413,0.248,0.335,0.889,0.506,0.718,0,0,1,0,0.866,0.5
2016_02_14,0.381,0.306,0.33,0.864,0.654,0.737,0,0,0,1,0.866,0.5
2016_02_15,0.304,0.225,0.271,0.938,0.593,0.769,0,0,0,1,0.866,0.5
2016_02_16,0.366,0.21,0.274,0.951,0.444,0.699,1,0,0,0,0.866,0.5
2016_02_17,0.329,0.164,0.244,0.951,0.531,0.755,0,1,0,0,0.866,0.5
2016_02_18,0.429,0.211,0.3,0.926,0.358,0.685,0,1,0,0,0.866,0.5
2016_02_19,0.333,0.228,0.291,0.914,0.469,0.715,0,0,1,0,0.866,0.5
2016_02_20,0.419,0.226,0.322,0.704,0.543,0.647,0,0,0,1,0.866,0.5
2016_02_21,0.518,0.424,0.458,0.728,0.58,0.66,0,0,0,1,0.866,0.5
2016_02_22,0.533,0.388,0.451,0.827,0.506,0.679,0,0,1,0,0.866,0.5
2016_02_23,0.442,0.265,0.365,0.877,0.593,0.763,0,1,0,0,0.866,0.5
2016_02_24,0.388,0.182,0.278,0.938,0.42,0.744,1,0,0,0,0.866,0.5
2016_02_25,0.316,0.223,0.267,0.951,0.617,0.82,1,0,0,0,0.866,0.5
2016_02_26,0.367,0.185,0.265,1,0.37,0.654,1,0,0,0,0.866,0.5
2016_02_27,0.441,0.214,0.298,0.914,0.432,0.68,0,0,1,0,0.866,0.5
2016_02_28,0.404,0.188,0.289,0.938,0.605,0.81,0,0,0,1,0.866,0.5
2016_02_29,0.286,0.209,0.251,0.951,0.827,0.894,0,0,1,0,0.866,0.5
2016_03_01,0.364,0.201,0.276,0.926,0.321,0.666,0,0,0,1,1,0
2016_03_02,0.419,0.26,0.343,0.765,0.617,0.702,0,0,0,1,1,0
2016_03_03,0.313,0.213,0.273,0.877,0.667,0.783,0,0,1,0,1,0
2016_03_04,0.379,0.19,0.292,0.938,0.481,0.678,0,0,1,0,1,0
2016_03_05,0.364,0.227,0.309,0.889,0.556,0.696,0,1,0,0,1,0
2016_03_06,0.31,0.188,0.253,0.938,0.568,0.759,0,0,0,1,1,0
2016_03_07,0.346,0.195,0.271,0.889,0.358,0.629,0,1,0,0,1,0
2016_03_08,0.318,0.2,0.259,0.889,0.531,0.708,0,1,0,0,1,0
2016_03_09,0.399,0.171,0.279,0.827,0.272,0.578,0,0,0,1,1,0
2016_03_10,0.449,0.22,0.308,0.951,0.395,0.652,1,0,0,0,1,0
2016_03_11,0.448,0.21,0.305,0.938,0.346,0.727,1,0,0,0,1,0
2016_03_12,0.433,0.188,0.306,0.951,0.432,0.705,1,0,0,0,1,0
2016_03_13,0.443,0.268,0.349,0.877,0.37,0.614,0,0,1,0,1,0
2016_03_14,0.456,0.252,0.334,0.765,0.37,0.578,0,0,0,1,1,0
2016_03_15,0.414,0.172,0.265,0.951,0.494,0.771,0,1,0,0,1,0
2016_03_16,0.46,0.207,0.314,0.753,0.235,0.529,0,0,1,0,1,0
2016_03_17,0.441,0.193,0.314,0.877,0.432,0.703,0,1,0,0,1,0
2016_03_18,0.504,0.252,0.377,0.914,0.395,0.653,0,1,0,0,1,0
2016_03_19,0.473,0.287,0.371,0.914,0.543,0.698,0,0,1,0,1,0
2016_03_20,0.454,0.274,0.34,0.938,0.506,0.778,0,1,0,0,1,0
2016_03_21,0.448,0.266,0.341,0.901,0.506,0.74,1,0,0,0,1,0
2016_03_22,0.469,0.227,0.339,0.951,0.333,0.674,1,0,0,0,1,0
2016_03_23,0.417,0.189,0.312,0.938,0.543,0.726,1,0,0,0,1,0
2016_03_24,0.451,0.239,0.345,0.938,0.383,0.653,0,1,0,0,1,0
2016_03_25,0.418,0.337,0.379,0.815,0.617,0.692,0,0,1,0,1,0
2016_03_26,0.568,0.339,0.431,0.877,0.272,0.64,0,0,0,1,1,0
2016_03_27,0.472,0.286,0.403,0.901,0.407,0.589,0,0,0,1,1,0
2016_03_28,0.505,0.249,0.399,0.926,0.407,0.6,0,0,0,1,1,0
2016_03_29,0.518,0.346,0.431,0.914,0.42,0.58,0,0,0,1,1,0
2016_03_30,0.592,0.405,0.494,0.938,0.457,0.677,0,0,1,0,1,0
2016_03_31,0.706,0.307,0.518,0.951,0.272,0.579,0,1,0,0,1,0
2016_04_01,0.482,0.371,0.419,0.963,0.469,0.779,1,0,0,0,0.866,-0.5
2016_04_02,0.66,0.325,0.491,0.889,0.432,0.685,0,1,0,0,0.866,-0.5
2016_04_03,0.658,0.442,0.557,0.741,0.383,0.579,0,1,0,0,0.866,-0.5
2016_04_04,0.592,0.459,0.525,0.728,0.494,0.613,0,1,0,0,0.866,-0.5
2016_04_05,0.536,0.418,0.476,0.963,0.568,0.787,0,1,0,0,0.866,-0.5
2016_04_06,0.539,0.385,0.456,0.926,0.506,0.708,0,0,0,1,0.866,-0.5
2016_04_07,0.434,0.334,0.38,0.84,0.481,0.641,0,0,1,0,0.866,-0.5
2016_04_08,0.445,0.311,0.375,0.864,0.457,0.679,1,0,0,0,0.866,-0.5
2016_04_09,0.468,0.331,0.411,0.802,0.432,0.603,0,1,0,0,0.866,-0.5
2016_04_10,0.57,0.321,0.446,0.778,0.321,0.546,0,1,0,0,0.866,-0.5
2016_04_11,0.608,0.322,0.474,0.827,0.37,0.59,0,0,1,0,0.866,-0.5
2016_04_12,0.623,0.394,0.506,0.778,0.259,0.561,0,1,0,0,0.866,-0.5
2016_04_13,0.507,0.394,0.453,0.926,0.58,0.73,1,0,0,0,0.866,-0.5
2016_04_14,0.557,0.362,0.454,0.864,0.37,0.63,1,0,0,0,0.866,-0.5
2016_04_15,0.55,0.371,0.465,0.914,0.432,0.672,0,1,0,0,0.866,-0.5
2016_04_16,0.591,0.42,0.503,0.926,0.37,0.658,0,0,1,0,0.866,-0.5
2016_04_17,0.525,0.328,0.425,0.914,0.543,0.77,0,1,0,0,0.866,-0.5
2016_04_18,0.413,0.329,0.364,0.926,0.593,0.789,0,1,0,0,0.866,-0.5
2016_04_19,0.535,0.296,0.406,0.877,0.346,0.582,0,1,0,0,0.866,-0.5
2016_04_20,0.616,0.279,0.45,0.901,0.309,0.588,0,0,1,0,0.866,-0.5
2016_04_21,0.655,0.289,0.494,0.852,0.296,0.586,0,0,1,0,0.866,-0.5
2016_04_22,0.584,0.446,0.524,0.926,0.568,0.695,0,0,1,0,0.866,-0.5
2016_04_23,0.516,0.326,0.43,0.951,0.741,0.852,0,0,1,0,0.866,-0.5
2016_04_24,0.408,0.212,0.312,0.901,0.296,0.647,0,0,1,0,0.866,-0.5
2016_04_25,0.415,0.18,0.311,0.864,0.309,0.6,0,0,1,0,0.866,-0.5
2016_04_26,0.367,0.27,0.329,0.864,0.617,0.74,0,0,0,1,0.866,-0.5
2016_04_27,0.374,0.223,0.295,0.864,0.37,0.609,0,0,1,0,0.866,-0.5
2016_04_28,0.456,0.246,0.36,0.642,0.309,0.437,0,1,0,0,0.866,-0.5
2016_04_29,0.526,0.294,0.424,0.704,0.358,0.499,0,0,0,1,0.866,-0.5
2016_04_30,0.576,0.317,0.437,0.926,0.247,0.63,1,0,0,0,0.866,-0.5
2016_05_01,0.47,0.302,0.375,0.938,0.704,0.85,1,0,0,0,0.5,-0.866
2016_05_02,0.574,0.339,0.462,0.963,0.469,0.734,0,0,1,0,0.5,-0.866
2016_05_03,0.532,0.365,0.462,0.753,0.506,0.64,0,1,0,0,0.5,-0.866
2016_05_04,0.545,0.285,0.428,0.827,0.333,0.573,1,0,0,0,0.5,-0.866
2016_05_05,0.632,0.245,0.465,0.778,0.247,0.502,0,1,0,0,0.5,-0.866
2016_05_06,0.7,0.387,0.55,0.765,0.247,0.447,1,0,0,0,0.5,-0.866
2016_05_07,0.702,0.447,0.576,0.852,0.198,0.484,1,0,0,0,0.5,-0.866
2016_05_08,0.716,0.387,0.557,0.753,0.235,0.527,0,1,0,0,0.5,-0.866
2016_05_09,0.701,0.411,0.567,0.802,0.407,0.584,0,0,1,0,0.5,-0.866
2016_05_10,0.693,0.501,0.595,0.753,0.457,0.564,0,1,0,0,0.5,-0.866
2016_05_11,0.638,0.44,0.527,0.951,0.63,0.755,0,1,0,0,0.5,-0.866
2016_05_12,0.556,0.465,0.495,0.951,0.63,0.822,0,0,1,0,0.5,-0.866
2016_05_13,0.541,0.459,0.501,0.889,0.778,0.831,0,0,0,1,0.5,-0.866
2016_05_14,0.52,0.402,0.48,0.938,0.667,0.779,0,0,0,1,0.5,-0.866
2016_05_15,0.469,0.31,0.388,0.815,0.395,0.602,0,1,0,0,0.5,-0.866
2016_05_16,0.481,0.293,0.401,0.84,0.481,0.64,1,0,0,0,0.5,-0.866
2016_05_17,0.564,0.344,0.461,0.901,0.383,0.653,0,1,0,0,0.5,-0.866
2016_05_18,0.645,0.375,0.518,0.889,0.358,0.611,0,1,0,0,0.5,-0.866
2016_05_19,0.491,0.395,0.447,0.901,0.543,0.697,0,1,0,0,0.5,-0.866
2016_05_20,0.633,0.304,0.496,0.84,0.272,0.572,0,0,0,1,0.5,-0.866
2016_05_21,0.736,0.455,0.602,0.877,0.37,0.6,0,0,1,0,0.5,-0.866
2016_05_22,0.78,0.478,0.612,0.79,0.333,0.585,1,0,0,0,0.5,-0.866
2016_05_23,0.452,0.399,0.427,0.901,0.63,0.806,0,1,0,0,0.5,-0.866
2016_05_24,0.547,0.387,0.454,0.877,0.531,0.749,0,0,1,0,0.5,-0.866
2016_05_25,0.664,0.385,0.539,0.951,0.383,0.636,1,0,0,0,0.5,-0.866
2016_05_26,0.733,0.485,0.626,0.802,0.358,0.577,1,0,0,0,0.5,-0.866
2016_05_27,0.763,0.534,0.651,0.901,0.309,0.627,0,1,0,0,0.5,-0.866
2016_05_28,0.756,0.531,0.64,0.951,0.457,0.706,0,1,0,0,0.5,-0.866
2016_05_29,0.612,0.497,0.559,0.975,0.704,0.845,0,0,1,0,0.5,-0.866
2016_05_30,0.616,0.501,0.555,0.877,0.531,0.71,0,0,0,1,0.5,-0.866
2016_05_31,0.609,0.48,0.533,0.864,0.469,0.672,0,0,1,0,0.5,-0.866
2016_06_01,0.638,0.463,0.555,0.864,0.494,0.664,0,0,1,0,0,-1
2016_06_02,0.64,0.486,0.54,0.926,0.481,0.753,0,0,0,1,0,-1
2016_06_03,0.565,0.478,0.527,0.938,0.728,0.843,0,0,1,0,0,-1
2016_06_04,0.635,0.479,0.553,0.901,0.543,0.76,1,0,0,0,0,-1
2016_06_05,0.623,0.491,0.562,0.975,0.63,0.782,0,0,1,0,0,-1
2016_06_06,0.739,0.482,0.616,0.975,0.383,0.665,0,1,0,0,0,-1
2016_06_07,0.727,0.542,0.63,0.753,0.494,0.644,0,1,0,0,0,-1
2016_06_08,0.633,0.508,0.574,0.938,0.63,0.774,0,1,0,0,0,-1
2016_06_09,0.661,0.494,0.585,0.951,0.407,0.682,1,0,0,0,0,-1
2016_06_10,0.722,0.459,0.606,0.852,0.346,0.587,1,0,0,0,0,-1
2016_06_11,0.632,0.533,0.589,0.901,0.519,0.664,1,0,0,0,0,-1
2016_06_12,0.578,0.506,0.548,0.864,0.642,0.753,0,1,0,0,0,-1
2016_06_13,0.574,0.482,0.526,0.926,0.617,0.825,0,0,1,0,0,-1
2016_06_14,0.583,0.459,0.526,0.926,0.556,0.728,0,0,1,0,0,-1
2016_06_15,0.598,0.388,0.509,0.827,0.481,0.652,0,1,0,0,0,-1
2016_06_16,0.579,0.453,0.523,0.963,0.642,0.812,1,0,0,0,0,-1
2016_06_17,0.615,0.45,0.54,0.938,0.42,0.645,1,0,0,0,0,-1
2016_06_18,0.568,0.464,0.523,0.852,0.617,0.706,0,1,0,0,0,-1
2016_06_19,0.56,0.461,0.506,0.864,0.63,0.766,0,1,0,0,0,-1
2016_06_20,0.69,0.404,0.555,0.963,0.407,0.657,0,0,0,1,0,-1
2016_06_21,0.635,0.487,0.576,0.938,0.568,0.796,0,1,0,0,0,-1
2016_06_22,0.84,0.5,0.691,0.951,0.432,0.697,1,0,0,0,0,-1
2016_06_23,0.899,0.604,0.768,0.852,0.37,0.611,1,0,0,0,0,-1
2016_06_24,0.885,0.673,0.772,0.877,0.321,0.58,0,1,0,0,0,-1
2016_06_25,0.723,0.505,0.639,0.926,0.58,0.767,0,1,0,0,0,-1
2016_06_26,0.663,0.451,0.555,0.901,0.395,0.645,0,1,0,0,0,-1
2016_06_27,0.687,0.43,0.577,0.778,0.346,0.579,0,1,0,0,0,-1
2016_06_28,0.709,0.484,0.611,0.815,0.494,0.662,1,0,0,0,0,-1
2016_06_29,0.741,0.536,0.649,0.815,0.444,0.644,0,0,0,1,0,-1
2016_06_30,0.67,0.587,0.636,0.802,0.617,0.694,0,0,1,0,0,-1
2016_07_01,0.764,0.568,0.666,0.79,0.42,0.6,0,0,0,1,-0.5,-0.866
2016_07_02,0.652,0.542,0.613,0.815,0.556,0.674,0,0,0,1,-0.5,-0.866
2016_07_03,0.655,0.494,0.578,0.728,0.358,0.57,0,1,0,0,-0.5,-0.866
2016_07_04,0.745,0.479,0.623,0.852,0.42,0.621,1,0,0,0,-0.5,-0.866
2016_07_05,0.756,0.548,0.657,0.926,0.346,0.608,0,0,1,0,-0.5,-0.866
2016_07_06,0.718,0.541,0.629,0.753,0.358,0.562,1,0,0,0,-0.5,-0.866
2016_07_07,0.766,0.502,0.644,0.765,0.309,0.549,1,0,0,0,-0.5,-0.866
2016_07_08,0.83,0.55,0.7,0.864,0.333,0.562,0,0,1,0,-0.5,-0.866
2016_07_09,0.804,0.58,0.696,0.765,0.346,0.567,0,0,1,0,-0.5,-0.866
2016_07_10,0.895,0.564,0.752,0.877,0.272,0.553,0,0,1,0,-0.5,-0.866
2016_07_11,0.82,0.621,0.718,0.963,0.481,0.717,0,0,0,1,-0.5,-0.866
2016_07_12,0.648,0.545,0.609,0.938,0.741,0.854,0,0,1,0,-0.5,-0.866
2016_07_13,0.57,0.467,0.526,0.852,0.556,0.706,0,1,0,0,-0.5,-0.866
2016_07_14,0.513,0.436,0.478,0.84,0.605,0.733,0,1,0,0,-0.5,-0.866
2016_07_15,0.622,0.438,0.526,0.815,0.37,0.593,0,1,0,0,-0.5,-0.866
2016_07_16,0.708,0.415,0.575,0.852,0.296,0.556,0,0,1,0,-0.5,-0.866
2016_07_17,0.802,0.499,0.662,0.728,0.309,0.503,0,1,0,0,-0.5,-0.866
2016_07_18,0.836,0.587,0.71,0.827,0.333,0.587,1,0,0,0,-0.5,-0.866
2016_07_19,0.88,0.579,0.743,0.802,0.247,0.528,1,0,0,0,-0.5,-0.866
2016_07_20,0.933,0.606,0.779,0.79,0.222,0.508,0,0,1,0,-0.5,-0.866
2016_07_21,0.832,0.655,0.737,0.778,0.407,0.565,1,0,0,0,-0.5,-0.866
2016_07_22,0.761,0.613,0.673,0.926,0.531,0.75,1,0,0,0,-0.5,-0.866
2016_07_23,0.732,0.585,0.654,0.901,0.531,0.741,1,0,0,0,-0.5,-0.866
2016_07_24,0.742,0.576,0.655,0.877,0.506,0.703,0,1,0,0,-0.5,-0.866
2016_07_25,0.753,0.574,0.67,0.926,0.481,0.689,0,1,0,0,-0.5,-0.866
2016_07_26,0.797,0.588,0.675,0.926,0.37,0.69,1,0,0,0,-0.5,-0.866
2016_07_27,0.776,0.597,0.669,0.901,0.309,0.639,0,0,1,0,-0.5,-0.866
2016_07_28,0.717,0.569,0.649,0.741,0.444,0.606,0,1,0,0,-0.5,-0.866
2016_07_29,0.787,0.527,0.676,0.84,0.383,0.591,0,0,1,0,-0.5,-0.866
2016_07_30,0.846,0.593,0.729,0.778,0.321,0.552,1,0,0,0,-0.5,-0.866
2016_07_31,0.709,0.57,0.634,0.889,0.642,0.8,1,0,0,0,-0.5,-0.866
2016_08_01,0.718,0.502,0.611,0.951,0.321,0.633,1,0,0,0,-0.866,-0.5
2016_08_02,0.734,0.531,0.644,0.716,0.37,0.567,0,0,1,0,-0.866,-0.5
2016_08_03,0.806,0.565,0.692,0.716,0.222,0.489,0,0,0,1,-0.866,-0.5
2016_08_04,0.82,0.545,0.657,0.938,0.259,0.515,0,0,0,1,-0.866,-0.5
2016_08_05,0.608,0.491,0.559,0.938,0.58,0.762,0,1,0,0,-0.866,-0.5
2016_08_06,0.713,0.472,0.591,0.827,0.333,0.563,0,1,0,0,-0.866,-0.5
2016_08_07,0.765,0.495,0.639,0.802,0.37,0.569,0,0,0,1,-0.866,-0.5
2016_08_08,0.804,0.561,0.678,0.728,0.346,0.521,0,0,1,0,-0.866,-0.5
2016_08_09,0.647,0.527,0.587,0.741,0.494,0.641,0,1,0,0,-0.866,-0.5
2016_08_10,0.615,0.469,0.539,0.728,0.296,0.52,1,0,0,0,-0.866,-0.5
2016_08_11,0.648,0.416,0.536,0.765,0.259,0.497,0,0,1,0,-0.866,-0.5
2016_08_12,0.74,0.512,0.619,0.704,0.358,0.514,0,0,1,0,-0.866,-0.5
2016_08_13,0.817,0.535,0.684,0.827,0.284,0.543,0,0,1,0,-0.866,-0.5
2016_08_14,0.851,0.591,0.727,0.84,0.296,0.556,1,0,0,0,-0.866,-0.5
2016_08_15,0.83,0.591,0.716,0.852,0.284,0.558,0,1,0,0,-0.866,-0.5
2016_08_16,0.827,0.54,0.699,0.852,0.284,0.568,0,1,0,0,-0.866,-0.5
2016_08_17,0.808,0.58,0.7,0.852,0.284,0.556,0,1,0,0,-0.866,-0.5
2016_08_18,0.723,0.574,0.631,0.827,0.407,0.641,0,1,0,0,-0.866,-0.5
2016_08_19,0.763,0.564,0.667,0.84,0.395,0.587,1,0,0,0,-0.866,-0.5
2016_08_20,0.689,0.548,0.618,0.815,0.568,0.717,0,0,0,1,-0.866,-0.5
2016_08_21,0.672,0.504,0.584,0.84,0.259,0.52,0,0,0,1,-0.866,-0.5
2016_08_22,0.72,0.468,0.599,0.654,0.259,0.469,0,0,0,1,-0.866,-0.5
2016_08_23,0.836,0.473,0.663,0.765,0.284,0.533,1,0,0,0,-0.866,-0.5
2016_08_24,0.87,0.545,0.706,0.815,0.321,0.587,0,1,0,0,-0.866,-0.5
2016_08_25,0.911,0.549,0.735,0.852,0.259,0.581,1,0,0,0,-0.866,-0.5
2016_08_26,0.936,0.661,0.796,0.815,0.185,0.509,1,0,0,0,-0.866,-0.5
2016_08_27,0.927,0.671,0.797,0.704,0.21,0.489,0,1,0,0,-0.866,-0.5
2016_08_28,0.904,0.691,0.789,0.605,0.136,0.394,0,0,1,0,-0.866,-0.5
2016_08_29,0.755,0.608,0.685,0.716,0.296,0.505,1,0,0,0,-0.866,-0.5
2016_08_30,0.797,0.474,0.632,0.901,0.259,0.594,1,0,0,0,-0.866,-0.5
2016_08_31,0.82,0.498,0.663,0.901,0.284,0.593,1,0,0,0,-0.866,-0.5
2016_09_01,0.802,0.623,0.705,0.667,0.259,0.468,1,0,0,0,-1,0
2016_09_02,0.814,0.564,0.693,0.704,0.21,0.455,0,0,1,0,-1,0
2016_09_03,0.836,0.588,0.716,0.79,0.173,0.457,0,1,0,0,-1,0
2016_09_04,0.816,0.556,0.671,0.827,0.222,0.472,0,0,0,1,-1,0
2016_09_05,0.667,0.534,0.597,0.901,0.407,0.652,1,0,0,0,-1,0
2016_09_06,0.73,0.497,0.603,0.728,0.383,0.581,1,0,0,0,-1,0
2016_09_07,0.757,0.467,0.609,0.901,0.321,0.622,1,0,0,0,-1,0
2016_09_08,0.836,0.55,0.685,0.852,0.235,0.531,0,0,1,0,-1,0
2016_09_09,0.802,0.538,0.678,0.827,0.358,0.541,1,0,0,0,-1,0
2016_09_10,0.807,0.585,0.697,0.802,0.321,0.56,0,1,0,0,-1,0
2016_09_11,0.824,0.594,0.705,0.741,0.284,0.541,1,0,0,0,-1,0
2016_09_12,0.854,0.556,0.706,0.802,0.272,0.565,1,0,0,0,-1,0
2016_09_13,0.855,0.605,0.72,0.667,0.21,0.468,0,1,0,0,-1,0
2016_09_14,0.836,0.583,0.694,0.827,0.284,0.55,0,1,0,0,-1,0
2016_09_15,0.676,0.541,0.604,0.84,0.556,0.686,0,1,0,0,-1,0
2016_09_16,0.672,0.54,0.597,0.815,0.296,0.558,0,0,1,0,-1,0
2016_09_17,0.624,0.487,0.537,0.827,0.481,0.709,0,1,0,0,-1,0
2016_09_18,0.544,0.47,0.502,0.914,0.802,0.87,0,1,0,0,-1,0
2016_09_19,0.587,0.491,0.537,0.926,0.531,0.744,1,0,0,0,-1,0
2016_09_20,0.617,0.433,0.533,0.877,0.469,0.659,1,0,0,0,-1,0
2016_09_21,0.63,0.405,0.515,0.778,0.346,0.578,1,0,0,0,-1,0
2016_09_22,0.665,0.376,0.533,0.765,0.309,0.535,1,0,0,0,-1,0
2016_09_23,0.69,0.464,0.576,0.778,0.296,0.532,1,0,0,0,-1,0
2016_09_24,0.715,0.453,0.573,0.79,0.284,0.584,0,0,1,0,-1,0
2016_09_25,0.734,0.489,0.604,0.753,0.309,0.539,0,0,0,1,-1,0
2016_09_26,0.658,0.486,0.558,0.938,0.506,0.705,1,0,0,0,-1,0
2016_09_27,0.658,0.479,0.569,0.914,0.457,0.687,0,0,1,0,-1,0
2016_09_28,0.725,0.462,0.583,0.827,0.272,0.565,0,0,0,1,-1,0
2016_09_29,0.774,0.521,0.628,0.691,0.259,0.466,0,0,0,1,-1,0
2016_09_30,0.74,0.501,0.62,0.654,0.222,0.375,0,0,1,0,-1,0
2016_10_01,0.641,0.509,0.575,0.802,0.457,0.662,0,1,0,0,-0.866,0.5
2016_10_02,0.543,0.398,0.491,0.802,0.395,0.642,0,0,0,1,-0.866,0.5
2016_10_03,0.574,0.403,0.489,0.667,0.309,0.505,0,0,1,0,-0.866,0.5
2016_10_04,0.598,0.327,0.463,0.852,0.309,0.588,0,0,1,0,-0.866,0.5
2016_10_05,0.523,0.319,0.419,0.716,0.21,0.465,0,0,0,1,-0.866,0.5
2016_10_06,0.559,0.21,0.378,0.914,0.321,0.617,0,0,0,1,-0.866,0.5
2016_10_07,0.545,0.305,0.421,0.889,0.444,0.652,0,1,0,0,-0.866,0.5
2016_10_08,0.503,0.386,0.437,0.716,0.407,0.587,1,0,0,0,-0.866,0.5
2016_10_09,0.447,0.333,0.393,0.889,0.519,0.714,1,0,0,0,-0.866,0.5
2016_10_10,0.489,0.298,0.395,0.889,0.321,0.612,1,0,0,0,-0.866,0.5
2016_10_11,0.474,0.3,0.381,0.778,0.296,0.544,1,0,0,0,-0.866,0.5
2016_10_12,0.496,0.237,0.359,0.84,0.284,0.581,0,0,1,0,-0.866,0.5
2016_10_13,0.493,0.279,0.376,0.84,0.346,0.612,0,0,0,1,-0.866,0.5
2016_10_14,0.572,0.391,0.47,0.864,0.519,0.704,0,0,1,0,-0.866,0.5
2016_10_15,0.593,0.413,0.494,0.827,0.309,0.606,0,0,1,0,-0.866,0.5
2016_10_16,0.659,0.361,0.504,0.901,0.321,0.624,0,0,1,0,-0.866,0.5
2016_10_17,0.62,0.463,0.532,0.877,0.444,0.647,0,1,0,0,-0.866,0.5
2016_10_18,0.551,0.454,0.49,0.914,0.506,0.733,0,0,0,1,-0.866,0.5
2016_10_19,0.489,0.392,0.444,0.802,0.494,0.629,0,0,0,1,-0.866,0.5
2016_10_20,0.469,0.348,0.408,0.802,0.494,0.663,0,0,1,0,-0.866,0.5
2016_10_21,0.444,0.332,0.397,0.84,0.531,0.697,1,0,0,0,-0.866,0.5
2016_10_22,0.479,0.291,0.375,0.79,0.37,0.598,1,0,0,0,-0.866,0.5
2016_10_23,0.476,0.315,0.402,0.815,0.519,0.695,0,1,0,0,-0.866,0.5
2016_10_24,0.655,0.348,0.515,0.951,0.42,0.666,0,1,0,0,-0.866,0.5
2016_10_25,0.556,0.459,0.512,0.963,0.716,0.851,1,0,0,0,-0.866,0.5
2016_10_26,0.544,0.394,0.464,0.963,0.605,0.833,0,1,0,0,-0.866,0.5
2016_10_27,0.523,0.374,0.428,0.926,0.543,0.762,0,0,1,0,-0.866,0.5
2016_10_28,0.54,0.335,0.427,0.914,0.407,0.686,0,0,1,0,-0.866,0.5
2016_10_29,0.551,0.317,0.422,0.963,0.519,0.774,1,0,0,0,-0.866,0.5
2016_10_30,0.525,0.3,0.397,0.938,0.531,0.759,1,0,0,0,-0.866,0.5
2016_10_31,0.539,0.317,0.412,0.926,0.481,0.714,1,0,0,0,-0.866,0.5
2016_11_01,0.581,0.335,0.445,0.79,0.333,0.645,0,1,0,0,-0.5,0.866
2016_11_02,0.476,0.344,0.416,0.914,0.58,0.763,0,0,1,0,-0.5,0.866
2016_11_03,0.435,0.248,0.329,0.963,0.383,0.702,0,1,0,0,-0.5,0.866
2016_11_04,0.513,0.226,0.386,0.827,0.358,0.6,0,0,1,0,-0.5,0.866
2016_11_05,0.541,0.383,0.456,0.901,0.593,0.752,0,0,1,0,-0.5,0.866
2016_11_06,0.375,0.27,0.333,0.864,0.556,0.736,0,0,0,1,-0.5,0.866
2016_11_07,0.327,0.207,0.272,0.84,0.469,0.688,0,1,0,0,-0.5,0.866
2016_11_08,0.361,0.18,0.264,0.864,0.432,0.711,0,1,0,0,-0.5,0.866
2016_11_09,0.367,0.199,0.282,0.889,0.481,0.713,0,0,1,0,-0.5,0.866
2016_11_10,0.398,0.31,0.355,0.84,0.642,0.783,0,0,0,1,-0.5,0.866
2016_11_11,0.377,0.294,0.331,0.864,0.63,0.76,0,0,1,0,-0.5,0.866
2016_11_12,0.367,0.242,0.291,0.901,0.531,0.773,0,0,1,0,-0.5,0.866
2016_11_13,0.427,0.227,0.331,0.864,0.407,0.638,1,0,0,0,-0.5,0.866
2016_11_14,0.31,0.195,0.251,0.852,0.519,0.72,0,1,0,0,-0.5,0.866
2016_11_15,0.402,0.222,0.32,0.753,0.296,0.543,0,0,1,0,-0.5,0.866
2016_11_16,0.491,0.347,0.41,0.901,0.593,0.799,0,0,0,1,-0.5,0.866
2016_11_17,0.514,0.42,0.458,0.79,0.593,0.69,0,0,0,1,-0.5,0.866
2016_11_18,0.55,0.361,0.454,0.79,0.469,0.636,0,0,0,1,-0.5,0.866
2016_11_19,0.393,0.306,0.355,0.914,0.519,0.72,0,0,0,1,-0.5,0.866
2016_11_20,0.518,0.205,0.347,0.951,0.247,0.669,0,0,0,1,-0.5,0.866
2016_11_21,0.478,0.281,0.404,0.901,0.506,0.678,0,0,0,1,-0.5,0.866
2016_11_22,0.515,0.369,0.427,0.926,0.642,0.797,0,0,0,1,-0.5,0.866
2016_11_23,0.541,0.394,0.442,0.951,0.617,0.781,0,0,1,0,-0.5,0.866
2016_11_24,0.437,0.323,0.379,0.975,0.716,0.862,0,0,0,1,-0.5,0.866
2016_11_25,0.375,0.305,0.346,0.951,0.728,0.842,0,0,0,1,-0.5,0.866
2016_11_26,0.45,0.339,0.385,0.926,0.617,0.793,1,0,0,0,-0.5,0.866
2016_11_27,0.406,0.293,0.354,0.938,0.605,0.766,0,1,0,0,-0.5,0.866
2016_11_28,0.317,0.192,0.249,0.691,0.222,0.449,0,0,0,1,-0.5,0.866
2016_11_29,0.29,0.167,0.213,0.58,0.296,0.45,0,1,0,0,-0.5,0.866
2016_11_30,0.354,0.168,0.252,0.765,0.519,0.651,0,1,0,0,-0.5,0.866
2016_12_01,0.363,0.227,0.284,0.716,0.235,0.484,0,1,0,0,0,1
2016_12_02,0.325,0.193,0.252,0.901,0.37,0.636,0,1,0,0,0,1
2016_12_03,0.356,0.179,0.233,0.951,0.457,0.758,0,1,0,0,0,1
2016_12_04,0.336,0.185,0.233,0.778,0.506,0.689,0,0,1,0,0,1
2016_12_05,0.371,0.162,0.254,0.901,0.568,0.729,1,0,0,0,0,1
2016_12_06,0.398,0.221,0.286,0.889,0.506,0.731,1,0,0,0,0,1
2016_12_07,0.39,0.208,0.279,0.963,0.321,0.692,0,0,1,0,0,1
2016_12_08,0.416,0.25,0.33,0.605,0.198,0.419,0,0,0,1,0,1
2016_12_09,0.403,0.312,0.35,0.63,0.272,0.42,0,0,1,0,0,1
2016_12_10,0.39,0.277,0.344,0.642,0.432,0.51,0,0,1,0,0,1
2016_12_11,0.371,0.263,0.297,0.889,0.432,0.646,0,0,0,1,0,1
2016_12_12,0.354,0.233,0.277,0.926,0.654,0.798,0,1,0,0,0,1
2016_12_13,0.376,0.223,0.291,0.815,0.568,0.728,0,1,0,0,0,1
2016_12_14,0.384,0.264,0.305,0.778,0.395,0.626,1,0,0,0,0,1
2016_12_15,0.382,0.23,0.28,0.79,0.444,0.595,0,1,0,0,0,1
2016_12_16,0.363,0.191,0.252,0.951,0.519,0.736,1,0,0,0,0,1
2016_12_17,0.383,0.186,0.293,0.963,0.519,0.621,1,0,0,0,0,1
2016_12_18,0.324,0.223,0.274,0.889,0.593,0.739,1,0,0,0,0,1
2016_12_19,0.345,0.178,0.245,0.938,0.469,0.773,1,0,0,0,0,1
2016_12_20,0.334,0.139,0.223,0.938,0.543,0.758,0,1,0,0,0,1
2016_12_21,0.332,0.22,0.273,0.815,0.519,0.683,0,0,0,1,0,1
2016_12_22,0.383,0.238,0.317,0.753,0.556,0.681,0,1,0,0,0,1
2016_12_23,0.372,0.306,0.341,0.951,0.741,0.846,0,0,0,1,0,1
2016_12_24,0.441,0.302,0.361,0.864,0.617,0.763,0,0,0,1,0,1
2016_12_25,0.434,0.329,0.369,0.852,0.444,0.645,0,0,0,1,0,1
2016_12_26,0.459,0.318,0.382,0.901,0.63,0.769,0,0,0,1,0,1
2016_12_27,0.323,0.192,0.262,0.975,0.654,0.792,0,1,0,0,0,1
2016_12_28,0.334,0.183,0.238,0.914,0.63,0.786,1,0,0,0,0,1
2016_12_29,0.284,0.178,0.222,0.901,0.667,0.772,1,0,0,0,0,1
2016_12_30,0.307,0.161,0.228,0.914,0.654,0.791,1,0,0,0,0,1
2016_12_31,0.305,0.233,0.261,0.716,0.395,0.565,0,1,0,0,0,1
2017_01_01,0.319,0.23,0.271,0.691,0.432,0.542,0,0,1,0,0.5,0.866
2017_01_02,0.294,0.175,0.237,0.938,0.605,0.789,0,0,1,0,0.5,0.866
2017_01_03,0.259,0.136,0.198,0.914,0.568,0.753,0,0,1,0,0.5,0.866
2017_01_04,0.267,0.193,0.233,0.864,0.605,0.752,0,0,0,1,0.5,0.866
2017_01_05,0.229,0.094,0.184,0.827,0.593,0.724,0,0,1,0,0.5,0.866
2017_01_06,0.158,0.075,0.121,0.778,0.358,0.58,0,1,0,0,0.5,0.866
2017_01_07,0.21,0.053,0.132,0.79,0.284,0.485,0,0,1,0,0.5,0.866
2017_01_08,0.257,0.162,0.201,0.864,0.58,0.75,1,0,0,0,0.5,0.866
2017_01_09,0.251,0.155,0.196,0.889,0.58,0.766,0,0,1,0,0.5,0.866
2017_01_10,0.264,0.189,0.231,1,0.654,0.84,0,0,1,0,0.5,0.866
2017_01_11,0.338,0.164,0.268,1,0.531,0.797,0,0,0,1,0.5,0.866
2017_01_12,0.41,0.283,0.336,0.889,0.519,0.703,0,0,0,1,0.5,0.866
2017_01_13,0.383,0.201,0.246,0.864,0.58,0.708,0,0,0,1,0.5,0.866
2017_01_14,0.237,0.162,0.201,0.926,0.667,0.799,0,0,0,1,0.5,0.866
2017_01_15,0.24,0.155,0.189,0.938,0.568,0.81,0,1,0,0,0.5,0.866
2017_01_16,0.237,0.101,0.163,0.877,0.506,0.736,1,0,0,0,0.5,0.866
2017_01_17,0.201,0.088,0.142,0.728,0.432,0.59,1,0,0,0,0.5,0.866
2017_01_18,0.205,0.116,0.15,0.654,0.494,0.586,1,0,0,0,0.5,0.866
2017_01_19,0.224,0.093,0.149,0.827,0.556,0.676,1,0,0,0,0.5,0.866
2017_01_20,0.224,0.104,0.146,0.852,0.617,0.761,0,1,0,0,0.5,0.866
2017_01_21,0.247,0.107,0.171,0.84,0.642,0.739,0,1,0,0,0.5,0.866
2017_01_22,0.242,0.14,0.185,0.84,0.667,0.74,1,0,0,0,0.5,0.866
2017_01_23,0.217,0.131,0.163,0.889,0.605,0.784,1,0,0,0,0.5,0.866
2017_01_24,0.193,0.111,0.144,0.889,0.63,0.801,1,0,0,0,0.5,0.866
2017_01_25,0.197,0.073,0.127,0.889,0.593,0.713,1,0,0,0,0.5,0.866
2017_01_26,0.247,0.106,0.167,0.79,0.617,0.719,0,1,0,0,0.5,0.866
2017_01_27,0.365,0.165,0.252,0.889,0.543,0.68,0,0,1,0,0.5,0.866
2017_01_28,0.396,0.226,0.297,0.901,0.457,0.671,0,0,0,1,0.5,0.866
2017_01_29,0.403,0.248,0.311,0.889,0.617,0.772,0,0,0,1,0.5,0.866
2017_01_30,0.402,0.251,0.333,0.889,0.531,0.74,0,0,1,0,0.5,0.866
2017_01_31,0.42,0.319,0.377,0.926,0.802,0.878,0,1,0,0,0.5,0.866
2017_02_01,0.481,0.342,0.406,0.963,0.728,0.843,0,0,1,0,0.866,0.5
2017_02_02,0.486,0.248,0.386,0.963,0.593,0.719,0,0,0,1,0.866,0.5
2017_02_03,0.467,0.324,0.388,0.901,0.444,0.648,0,0,0,1,0.866,0.5
2017_02_04,0.402,0.231,0.316,0.914,0.531,0.734,0,1,0,0,0.866,0.5
2017_02_05,0.334,0.241,0.292,0.901,0.642,0.77,0,1,0,0,0.866,0.5
2017_02_06,0.356,0.263,0.301,0.963,0.716,0.859,1,0,0,0,0.866,0.5
2017_02_07,0.363,0.215,0.287,0.914,0.568,0.815,1,0,0,0,0.866,0.5
2017_02_08,0.355,0.256,0.303,0.938,0.667,0.828,0,1,0,0,0.866,0.5
2017_02_09,0.362,0.176,0.252,0.951,0.481,0.751,0,1,0,0,0.866,0.5
2017_02_10,0.386,0.196,0.271,0.84,0.531,0.72,0,1,0,0,0.866,0.5
2017_02_11,0.435,0.232,0.321,0.914,0.383,0.669,0,1,0,0,0.866,0.5
2017_02_12,0.443,0.283,0.352,0.84,0.469,0.6,0,0,1,0,0.866,0.5
2017_02_13,0.423,0.204,0.294,0.877,0.506,0.728,0,0,0,1,0.866,0.5
2017_02_14,0.44,0.187,0.303,0.938,0.481,0.757,0,0,1,0,0.866,0.5
2017_02_15,0.505,0.292,0.379,0.852,0.556,0.65,0,0,1,0,0.866,0.5
2017_02_16,0.513,0.296,0.41,0.765,0.519,0.609,0,0,1,0,0.866,0.5
2017_02_17,0.44,0.322,0.376,0.963,0.605,0.779,0,1,0,0,0.866,0.5
2017_02_18,0.433,0.263,0.346,0.914,0.481,0.704,1,0,0,0,0.866,0.5
2017_02_19,0.432,0.199,0.311,0.914,0.506,0.716,0,0,1,0,0.866,0.5
2017_02_20,0.448,0.27,0.363,0.827,0.481,0.688,0,0,0,1,0.866,0.5
2017_02_21,0.485,0.386,0.429,0.79,0.667,0.73,0,0,0,1,0.866,0.5
2017_02_22,0.49,0.377,0.426,0.778,0.469,0.653,0,0,0,1,0.866,0.5
2017_02_23,0.589,0.358,0.456,0.753,0.259,0.576,0,0,0,1,0.866,0.5
2017_02_24,0.386,0.271,0.318,0.901,0.556,0.699,0,0,1,0,0.866,0.5
2017_02_25,0.43,0.196,0.3,0.963,0.296,0.679,0,0,0,1,0.866,0.5
2017_02_26,0.511,0.262,0.376,0.568,0.333,0.437,0,0,0,1,0.866,0.5
2017_02_27,0.547,0.311,0.418,0.667,0.284,0.455,0,0,0,1,0.866,0.5
2017_02_28,0.459,0.272,0.375,0.815,0.469,0.665,0,0,0,1,0.866,0.5
2017_03_01,0.429,0.252,0.336,0.815,0.457,0.655,0,0,1,0,1,0
2017_03_02,0.443,0.32,0.396,0.79,0.321,0.553,0,0,0,1,1,0
2017_03_03,0.53,0.217,0.37,0.889,0.333,0.586,0,0,1,0,1,0
2017_03_04,0.522,0.245,0.374,0.889,0.284,0.615,0,0,1,0,1,0
2017_03_05,0.435,0.27,0.342,0.802,0.358,0.623,0,0,0,1,1,0
2017_03_06,0.353,0.257,0.305,0.926,0.605,0.778,0,0,1,0,1,0
2017_03_07,0.366,0.261,0.313,0.852,0.543,0.735,0,1,0,0,1,0
2017_03_08,0.43,0.225,0.334,0.827,0.407,0.698,0,0,0,1,1,0
2017_03_09,0.448,0.397,0.42,0.914,0.741,0.804,0,0,1,0,1,0
2017_03_10,0.459,0.325,0.388,0.963,0.37,0.675,1,0,0,0,1,0
2017_03_11,0.541,0.23,0.392,0.753,0.222,0.492,1,0,0,0,1,0
2017_03_12,0.558,0.332,0.437,0.691,0.284,0.498,1,0,0,0,1,0
2017_03_13,0.502,0.256,0.374,0.63,0.407,0.546,1,0,0,0,1,0
2017_03_14,0.535,0.317,0.419,0.679,0.42,0.524,0,1,0,0,1,0
2017_03_15,0.53,0.327,0.427,0.914,0.543,0.749,1,0,0,0,1,0
2017_03_16,0.591,0.296,0.444,0.951,0.469,0.719,0,1,0,0,1,0
2017_03_17,0.606,0.357,0.468,0.741,0.457,0.618,0,0,1,0,1,0
2017_03_18,0.447,0.39,0.416,0.79,0.58,0.692,0,0,0,1,1,0
2017_03_19,0.539,0.419,0.475,0.852,0.593,0.712,0,0,0,1,1,0
2017_03_20,0.551,0.411,0.463,0.926,0.444,0.718,0,0,0,1,1,0
2017_03_21,0.492,0.339,0.409,0.926,0.519,0.73,0,0,0,1,1,0
2017_03_22,0.463,0.301,0.38,0.938,0.556,0.769,0,0,1,0,1,0
2017_03_23,0.592,0.319,0.452,0.877,0.395,0.632,0,0,1,0,1,0
2017_03_24,0.587,0.383,0.47,0.914,0.494,0.734,0,0,0,1,1,0
2017_03_25,0.6,0.34,0.44,0.963,0.444,0.719,0,0,0,1,1,0
2017_03_26,0.467,0.336,0.394,0.877,0.531,0.718,0,0,1,0,1,0
2017_03_27,0.585,0.25,0.429,0.852,0.333,0.535,1,0,0,0,1,0
2017_03_28,0.614,0.408,0.502,0.654,0.358,0.531,0,0,1,0,1,0
2017_03_29,0.614,0.403,0.501,0.79,0.321,0.59,0,0,0,1,1,0
2017_03_30,0.664,0.371,0.523,0.815,0.346,0.564,0,0,1,0,1,0
2017_03_31,0.676,0.426,0.551,0.679,0.247,0.462,0,0,0,1,1,0
2017_04_01,0.541,0.434,0.482,0.679,0.395,0.552,0,1,0,0,0.866,-0.5
2017_04_02,0.55,0.384,0.463,0.926,0.556,0.759,1,0,0,0,0.866,-0.5
2017_04_03,0.559,0.406,0.479,0.963,0.543,0.763,1,0,0,0,0.866,-0.5
2017_04_04,0.54,0.363,0.45,0.951,0.407,0.694,1,0,0,0,0.866,-0.5
2017_04_05,0.537,0.341,0.431,0.877,0.407,0.649,0,1,0,0,0.866,-0.5
2017_04_06,0.462,0.322,0.399,0.852,0.444,0.638,1,0,0,0,0.866,-0.5
2017_04_07,0.555,0.277,0.414,0.741,0.383,0.577,1,0,0,0,0.866,-0.5
2017_04_08,0.621,0.297,0.476,0.864,0.457,0.639,1,0,0,0,0.866,-0.5
2017_04_09,0.695,0.4,0.558,0.975,0.333,0.62,1,0,0,0,0.866,-0.5
2017_04_10,0.68,0.425,0.555,0.778,0.296,0.515,0,1,0,0,0.866,-0.5
2017_04_11,0.509,0.365,0.435,0.877,0.457,0.665,0,1,0,0,0.866,-0.5
2017_04_12,0.607,0.325,0.458,0.84,0.284,0.587,0,0,1,0,0.866,-0.5
2017_04_13,0.534,0.374,0.463,0.802,0.432,0.613,0,1,0,0,0.866,-0.5
2017_04_14,0.533,0.391,0.458,0.815,0.395,0.615,0,1,0,0,0.866,-0.5
2017_04_15,0.519,0.374,0.452,0.815,0.506,0.678,0,0,1,0,0.866,-0.5
2017_04_16,0.458,0.377,0.417,0.852,0.469,0.663,0,0,1,0,0.866,-0.5
2017_04_17,0.475,0.331,0.407,0.815,0.494,0.66,0,0,1,0,0.866,-0.5
2017_04_18,0.361,0.247,0.306,0.951,0.321,0.605,0,0,1,0,0.866,-0.5
2017_04_19,0.344,0.185,0.267,0.938,0.296,0.605,0,1,0,0,0.866,-0.5
2017_04_20,0.428,0.149,0.285,0.765,0.235,0.474,1,0,0,0,0.866,-0.5
2017_04_21,0.515,0.209,0.37,0.617,0.198,0.365,0,1,0,0,0.866,-0.5
2017_04_22,0.532,0.338,0.433,0.84,0.395,0.537,0,1,0,0,0.866,-0.5
2017_04_23,0.473,0.318,0.386,0.914,0.309,0.609,1,0,0,0,0.866,-0.5
2017_04_24,0.612,0.229,0.442,0.716,0.284,0.492,0,1,0,0,0.866,-0.5
2017_04_25,0.502,0.263,0.414,0.926,0.605,0.776,0,0,1,0,0.866,-0.5
2017_04_26,0.399,0.21,0.306,0.938,0.654,0.818,0,0,1,0,0.866,-0.5
2017_04_27,0.398,0.29,0.339,0.951,0.543,0.765,0,1,0,0,0.866,-0.5
2017_04_28,0.436,0.29,0.359,0.79,0.309,0.541,0,1,0,0,0.866,-0.5
2017_04_29,0.525,0.245,0.391,0.778,0.284,0.541,0,1,0,0,0.866,-0.5
2017_04_30,0.614,0.244,0.446,0.741,0.222,0.49,0,0,0,1,0.866,-0.5
2017_05_01,0.44,0.322,0.389,0.765,0.481,0.622,0,0,1,0,0.5,-0.866
2017_05_02,0.52,0.258,0.401,0.815,0.358,0.626,1,0,0,0,0.5,-0.866
2017_05_03,0.519,0.365,0.443,0.827,0.457,0.626,0,1,0,0,0.5,-0.866
2017_05_04,0.505,0.38,0.441,0.877,0.444,0.677,0,0,1,0,0.5,-0.866
2017_05_05,0.614,0.386,0.489,0.901,0.321,0.628,0,0,1,0,0.5,-0.866
2017_05_06,0.668,0.385,0.493,0.815,0.321,0.677,0,0,1,0,0.5,-0.866
2017_05_07,0.539,0.436,0.48,0.901,0.556,0.728,0,0,1,0,0.5,-0.866
2017_05_08,0.516,0.388,0.452,0.914,0.543,0.729,0,0,0,1,0.5,-0.866
2017_05_09,0.517,0.341,0.426,0.864,0.395,0.65,1,0,0,0,0.5,-0.866
2017_05_10,0.646,0.266,0.481,0.778,0.247,0.516,1,0,0,0,0.5,-0.866
2017_05_11,0.707,0.449,0.553,0.914,0.222,0.632,0,1,0,0,0.5,-0.866
2017_05_12,0.623,0.473,0.544,0.877,0.395,0.635,0,1,0,0,0.5,-0.866
2017_05_13,0.644,0.453,0.544,0.864,0.444,0.649,0,0,1,0,0.5,-0.866
2017_05_14,0.589,0.468,0.534,0.901,0.556,0.712,0,0,1,0,0.5,-0.866
2017_05_15,0.663,0.441,0.558,0.864,0.346,0.592,0,1,0,0,0.5,-0.866
2017_05_16,0.737,0.453,0.601,0.778,0.346,0.541,0,0,1,0,0.5,-0.866
2017_05_17,0.798,0.502,0.654,0.679,0.235,0.493,1,0,0,0,0.5,-0.866
2017_05_18,0.693,0.557,0.617,0.815,0.395,0.661,0,1,0,0,0.5,-0.866
2017_05_19,0.573,0.374,0.446,0.852,0.691,0.77,0,0,1,0,0.5,-0.866
2017_05_20,0.564,0.304,0.457,0.852,0.42,0.615,0,1,0,0,0.5,-0.866
2017_05_21,0.662,0.384,0.526,0.827,0.222,0.552,1,0,0,0,0.5,-0.866
2017_05_22,0.726,0.398,0.579,0.852,0.333,0.584,1,0,0,0,0.5,-0.866
2017_05_23,0.737,0.507,0.635,0.667,0.358,0.513,1,0,0,0,0.5,-0.866
2017_05_24,0.695,0.502,0.599,0.877,0.296,0.563,1,0,0,0,0.5,-0.866
2017_05_25,0.698,0.485,0.594,0.926,0.469,0.658,1,0,0,0,0.5,-0.866
2017_05_26,0.763,0.409,0.603,0.914,0.284,0.578,0,0,1,0,0.5,-0.866
2017_05_27,0.82,0.491,0.67,0.765,0.296,0.529,0,0,1,0,0.5,-0.866
2017_05_28,0.864,0.586,0.742,0.827,0.222,0.495,1,0,0,0,0.5,-0.866
2017_05_29,0.859,0.631,0.752,0.704,0.235,0.411,0,1,0,0,0.5,-0.866
2017_05_30,0.809,0.596,0.697,0.765,0.284,0.564,0,0,1,0,0.5,-0.866
2017_05_31,0.748,0.542,0.649,0.926,0.444,0.679,1,0,0,0,0.5,-0.866
2017_06_01,0.708,0.583,0.655,0.877,0.531,0.651,1,0,0,0,0,-1
2017_06_02,0.767,0.551,0.661,0.79,0.37,0.583,1,0,0,0,0,-1
2017_06_03,0.763,0.569,0.661,0.938,0.383,0.638,0,1,0,0,0,-1
2017_06_04,0.657,0.481,0.573,0.914,0.333,0.639,0,1,0,0,0,-1
2017_06_05,0.617,0.446,0.534,0.827,0.593,0.717,0,1,0,0,0,-1
2017_06_06,0.614,0.447,0.529,0.901,0.333,0.606,0,0,0,1,0,-1
2017_06_07,0.579,0.391,0.491,0.765,0.333,0.529,0,0,0,1,0,-1
2017_06_08,0.759,0.395,0.583,0.79,0.235,0.483,0,0,1,0,0,-1
2017_06_09,0.702,0.494,0.611,0.864,0.383,0.599,0,0,1,0,0,-1
2017_06_10,0.751,0.491,0.637,0.926,0.185,0.538,0,1,0,0,0,-1
2017_06_11,0.861,0.488,0.708,0.864,0.222,0.47,0,0,1,0,0,-1
2017_06_12,0.801,0.588,0.697,0.753,0.519,0.635,0,0,0,1,0,-1
2017_06_13,0.762,0.491,0.625,0.938,0.321,0.634,1,0,0,0,0,-1
2017_06_14,0.809,0.525,0.686,0.827,0.395,0.612,1,0,0,0,0,-1
2017_06_15,0.835,0.603,0.718,0.79,0.346,0.583,0,0,1,0,0,-1
2017_06_16,0.729,0.535,0.641,0.852,0.259,0.561,0,1,0,0,0,-1
2017_06_17,0.702,0.46,0.594,0.815,0.346,0.575,1,0,0,0,0,-1
2017_06_18,0.77,0.455,0.636,0.864,0.247,0.545,1,0,0,0,0,-1
2017_06_19,0.878,0.492,0.704,0.802,0.272,0.528,1,0,0,0,0,-1
2017_06_20,0.895,0.661,0.783,0.667,0.198,0.456,0,1,0,0,0,-1
2017_06_21,0.908,0.663,0.793,0.704,0.21,0.437,0,1,0,0,0,-1
2017_06_22,0.929,0.691,0.812,0.593,0.235,0.415,0,0,1,0,0,-1
2017_06_23,0.862,0.638,0.751,0.716,0.432,0.561,0,0,1,0,0,-1
2017_06_24,0.795,0.611,0.696,0.765,0.383,0.585,0,0,0,1,0,-1
2017_06_25,0.755,0.609,0.68,0.79,0.309,0.531,0,0,0,1,0,-1
2017_06_26,0.843,0.547,0.706,0.778,0.309,0.531,1,0,0,0,0,-1
2017_06_27,0.808,0.613,0.722,0.741,0.296,0.531,0,1,0,0,0,-1
2017_06_28,0.695,0.534,0.639,0.827,0.42,0.572,0,1,0,0,0,-1
2017_06_29,0.656,0.5,0.556,0.852,0.37,0.669,0,1,0,0,0,-1
2017_06_30,0.698,0.415,0.561,0.815,0.222,0.537,1,0,0,0,0,-1
2017_07_01,0.61,0.451,0.54,0.778,0.42,0.632,0,0,1,0,-0.5,-0.866
2017_07_02,0.648,0.47,0.546,0.852,0.531,0.724,0,1,0,0,-0.5,-0.866
2017_07_03,0.73,0.511,0.614,0.778,0.321,0.564,0,0,1,0,-0.5,-0.866
2017_07_04,0.794,0.533,0.674,0.753,0.333,0.52,1,0,0,0,-0.5,-0.866
2017_07_05,0.866,0.579,0.733,0.753,0.247,0.484,1,0,0,0,-0.5,-0.866
2017_07_06,0.909,0.629,0.777,0.716,0.173,0.442,0,1,0,0,-0.5,-0.866
2017_07_07,0.897,0.648,0.781,0.568,0.247,0.395,1,0,0,0,-0.5,-0.866
2017_07_08,0.906,0.639,0.779,0.691,0.247,0.479,1,0,0,0,-0.5,-0.866
2017_07_09,0.877,0.608,0.727,0.926,0.284,0.648,1,0,0,0,-0.5,-0.866
2017_07_10,0.738,0.603,0.667,0.852,0.481,0.65,0,0,1,0,-0.5,-0.866
2017_07_11,0.683,0.529,0.611,0.852,0.469,0.675,0,0,1,0,-0.5,-0.866
2017_07_12,0.773,0.543,0.649,0.864,0.309,0.607,0,0,1,0,-0.5,-0.866
2017_07_13,0.726,0.519,0.615,0.877,0.37,0.623,1,0,0,0,-0.5,-0.866
2017_07_14,0.674,0.561,0.613,0.691,0.395,0.581,0,1,0,0,-0.5,-0.866
2017_07_15,0.681,0.5,0.588,0.778,0.296,0.512,0,1,0,0,-0.5,-0.866
2017_07_16,0.763,0.486,0.641,0.728,0.247,0.475,0,1,0,0,-0.5,-0.866
2017_07_17,0.825,0.556,0.7,0.802,0.296,0.528,1,0,0,0,-0.5,-0.866
2017_07_18,0.855,0.576,0.733,0.827,0.321,0.558,0,0,1,0,-0.5,-0.866
2017_07_19,0.922,0.612,0.775,0.877,0.111,0.429,0,0,1,0,-0.5,-0.866
2017_07_20,0.771,0.633,0.708,0.84,0.235,0.529,0,0,1,0,-0.5,-0.866
2017_07_21,0.813,0.605,0.703,0.802,0.395,0.597,0,1,0,0,-0.5,-0.866
2017_07_22,0.827,0.571,0.699,0.889,0.247,0.573,1,0,0,0,-0.5,-0.866
2017_07_23,0.736,0.583,0.654,0.864,0.247,0.554,0,0,1,0,-0.5,-0.866
2017_07_24,0.633,0.512,0.584,0.778,0.457,0.593,0,1,0,0,-0.5,-0.866
2017_07_25,0.571,0.477,0.525,0.827,0.593,0.727,0,0,1,0,-0.5,-0.866
2017_07_26,0.705,0.506,0.595,0.79,0.296,0.553,0,1,0,0,-0.5,-0.866
2017_07_27,0.717,0.547,0.638,0.864,0.383,0.613,0,0,1,0,-0.5,-0.866
2017_07_28,0.746,0.595,0.668,0.728,0.247,0.484,0,0,0,1,-0.5,-0.866
2017_07_29,0.836,0.564,0.713,0.716,0.259,0.488,0,0,1,0,-0.5,-0.866
2017_07_30,0.866,0.572,0.741,0.914,0.309,0.555,0,0,0,1,-0.5,-0.866
2017_07_31,0.916,0.628,0.76,0.852,0.272,0.583,0,1,0,0,-0.5,-0.866
2017_08_01,0.965,0.657,0.792,0.877,0.148,0.533,1,0,0,0,-0.866,-0.5
2017_08_02,0.901,0.645,0.762,0.951,0.247,0.655,0,0,1,0,-0.866,-0.5
2017_08_03,0.921,0.66,0.803,0.802,0.321,0.522,0,0,0,1,-0.866,-0.5
2017_08_04,0.833,0.644,0.725,0.704,0.247,0.52,0,0,0,1,-0.866,-0.5
2017_08_05,0.839,0.652,0.73,0.716,0.346,0.52,0,1,0,0,-0.866,-0.5
2017_08_06,0.689,0.549,0.627,0.741,0.395,0.557,0,1,0,0,-0.866,-0.5
2017_08_07,0.805,0.465,0.646,0.84,0.222,0.548,0,1,0,0,-0.866,-0.5
2017_08_08,0.826,0.554,0.629,0.914,0.346,0.717,1,0,0,0,-0.866,-0.5
2017_08_09,0.725,0.524,0.615,0.84,0.333,0.587,0,1,0,0,-0.866,-0.5
2017_08_10,0.582,0.456,0.516,0.864,0.469,0.738,0,1,0,0,-0.866,-0.5
2017_08_11,0.567,0.476,0.52,0.889,0.642,0.776,0,1,0,0,-0.866,-0.5
2017_08_12,0.698,0.493,0.597,0.778,0.309,0.554,0,0,1,0,-0.866,-0.5
2017_08_13,0.728,0.564,0.64,0.728,0.432,0.598,1,0,0,0,-0.866,-0.5
2017_08_14,0.815,0.533,0.682,0.877,0.309,0.578,1,0,0,0,-0.866,-0.5
2017_08_15,0.899,0.545,0.743,0.852,0.173,0.48,1,0,0,0,-0.866,-0.5
2017_08_16,0.796,0.606,0.712,0.852,0.383,0.597,1,0,0,0,-0.866,-0.5
2017_08_17,0.824,0.617,0.728,0.728,0.346,0.534,0,0,0,1,-0.866,-0.5
2017_08_18,0.869,0.604,0.707,0.753,0.272,0.586,0,0,0,1,-0.866,-0.5
2017_08_19,0.693,0.526,0.611,0.852,0.222,0.548,0,0,0,1,-0.866,-0.5
2017_08_20,0.682,0.501,0.589,0.63,0.284,0.458,0,0,1,0,-0.866,-0.5
2017_08_21,0.708,0.46,0.597,0.679,0.21,0.447,1,0,0,0,-0.866,-0.5
2017_08_22,0.776,0.493,0.652,0.728,0.296,0.456,1,0,0,0,-0.866,-0.5
2017_08_23,0.883,0.525,0.712,0.84,0.272,0.543,0,1,0,0,-0.866,-0.5
2017_08_24,0.856,0.602,0.73,0.765,0.333,0.548,0,1,0,0,-0.866,-0.5
2017_08_25,0.911,0.632,0.769,0.753,0.173,0.479,1,0,0,0,-0.866,-0.5
2017_08_26,0.898,0.643,0.775,0.531,0.148,0.3,1,0,0,0,-0.866,-0.5
2017_08_27,0.9,0.661,0.778,0.605,0.222,0.394,1,0,0,0,-0.866,-0.5
2017_08_28,0.869,0.675,0.775,0.679,0.198,0.432,1,0,0,0,-0.866,-0.5
2017_08_29,0.889,0.585,0.739,0.728,0.16,0.467,1,0,0,0,-0.866,-0.5
2017_08_30,0.929,0.612,0.762,0.704,0.136,0.497,0,0,1,0,-0.866,-0.5
2017_08_31,0.675,0.53,0.591,0.852,0.704,0.801,0,1,0,0,-0.866,-0.5
2017_09_01,0.587,0.498,0.538,0.877,0.494,0.74,1,0,0,0,-1,0
2017_09_02,0.582,0.477,0.521,0.864,0.407,0.655,1,0,0,0,-1,0
2017_09_03,0.637,0.478,0.545,0.765,0.309,0.544,1,0,0,0,-1,0
2017_09_04,0.694,0.418,0.574,0.704,0.198,0.443,0,1,0,0,-1,0
2017_09_05,0.776,0.532,0.66,0.654,0.333,0.491,0,0,1,0,-1,0
2017_09_06,0.684,0.535,0.625,0.778,0.37,0.563,0,0,1,0,-1,0
2017_09_07,0.649,0.494,0.568,0.667,0.272,0.482,0,0,1,0,-1,0
2017_09_08,0.689,0.44,0.571,0.704,0.284,0.508,0,0,0,1,-1,0
2017_09_09,0.647,0.5,0.573,0.728,0.37,0.512,0,1,0,0,-1,0
2017_09_10,0.632,0.46,0.533,0.889,0.321,0.595,0,0,1,0,-1,0
2017_09_11,0.593,0.425,0.516,0.679,0.383,0.528,0,0,0,1,-1,0
2017_09_12,0.565,0.45,0.502,0.691,0.395,0.556,0,0,0,1,-1,0
2017_09_13,0.709,0.413,0.587,0.679,0.407,0.506,0,0,0,1,-1,0
2017_09_14,0.633,0.431,0.519,0.79,0.407,0.544,0,0,0,1,-1,0
2017_09_15,0.582,0.371,0.479,0.691,0.296,0.501,1,0,0,0,-1,0
2017_09_16,0.521,0.383,0.442,0.852,0.432,0.667,1,0,0,0,-1,0
2017_09_17,0.532,0.364,0.451,0.852,0.444,0.655,1,0,0,0,-1,0
2017_09_18,0.532,0.389,0.46,0.852,0.457,0.633,0,1,0,0,-1,0
2017_09_19,0.492,0.409,0.455,0.765,0.556,0.657,0,1,0,0,-1,0
2017_09_20,0.58,0.42,0.488,0.827,0.321,0.576,0,1,0,0,-1,0
2017_09_21,0.646,0.358,0.5,0.753,0.173,0.481,0,1,0,0,-1,0
2017_09_22,0.696,0.429,0.558,0.63,0.272,0.463,1,0,0,0,-1,0
2017_09_23,0.671,0.484,0.573,0.741,0.296,0.543,1,0,0,0,-1,0
2017_09_24,0.663,0.438,0.549,0.889,0.296,0.591,0,1,0,0,-1,0
2017_09_25,0.671,0.411,0.551,0.753,0.296,0.527,0,1,0,0,-1,0
2017_09_26,0.646,0.478,0.56,0.679,0.296,0.508,1,0,0,0,-1,0
2017_09_27,0.689,0.511,0.591,0.79,0.395,0.576,1,0,0,0,-1,0
2017_09_28,0.738,0.497,0.622,0.728,0.321,0.514,0,1,0,0,-1,0
2017_09_29,0.731,0.555,0.628,0.704,0.346,0.559,0,1,0,0,-1,0
2017_09_30,0.689,0.444,0.547,0.802,0.42,0.665,0,1,0,0,-1,0
2017_10_01,0.627,0.401,0.502,0.827,0.321,0.61,0,0,0,1,-0.866,0.5
2017_10_02,0.651,0.464,0.556,0.753,0.58,0.682,0,0,0,1,-0.866,0.5
2017_10_03,0.598,0.404,0.532,0.901,0.383,0.616,0,0,0,1,-0.866,0.5
2017_10_04,0.626,0.384,0.487,0.704,0.309,0.551,0,0,0,1,-0.866,0.5
2017_10_05,0.655,0.402,0.52,0.852,0.136,0.46,0,0,0,1,-0.866,0.5
2017_10_06,0.483,0.373,0.43,0.877,0.444,0.663,0,0,1,0,-0.866,0.5
2017_10_07,0.556,0.327,0.451,0.741,0.309,0.506,0,0,0,1,-0.866,0.5
2017_10_08,0.522,0.391,0.464,0.827,0.383,0.662,0,1,0,0,-0.866,0.5
2017_10_09,0.559,0.382,0.472,0.815,0.469,0.659,0,1,0,0,-0.866,0.5
2017_10_10,0.623,0.367,0.491,0.778,0.395,0.624,0,0,1,0,-0.866,0.5
2017_10_11,0.653,0.421,0.536,0.691,0.432,0.576,0,0,0,1,-0.866,0.5
2017_10_12,0.64,0.447,0.546,0.79,0.457,0.608,0,0,0,1,-0.866,0.5
2017_10_13,0.672,0.428,0.554,0.926,0.407,0.661,0,0,1,0,-0.866,0.5
2017_10_14,0.705,0.455,0.577,0.852,0.346,0.641,0,1,0,0,-0.866,0.5
2017_10_15,0.738,0.469,0.583,0.654,0.111,0.442,0,1,0,0,-0.866,0.5
2017_10_16,0.78,0.479,0.596,0.506,0.16,0.342,0,0,0,1,-0.866,0.5
2017_10_17,0.713,0.511,0.599,0.506,0.173,0.317,0,0,1,0,-0.866,0.5
2017_10_18,0.662,0.467,0.56,0.741,0.235,0.477,1,0,0,0,-0.866,0.5
2017_10_19,0.694,0.421,0.559,0.691,0.235,0.442,0,0,1,0,-0.866,0.5
2017_10_20,0.667,0.463,0.564,0.716,0.333,0.508,0,0,0,1,-0.866,0.5
2017_10_21,0.714,0.486,0.585,0.765,0.247,0.587,0,0,0,1,-0.866,0.5
2017_10_22,0.474,0.373,0.421,0.716,0.481,0.636,0,0,0,1,-0.866,0.5
2017_10_23,0.481,0.371,0.42,0.802,0.568,0.687,0,0,1,0,-0.866,0.5
2017_10_24,0.582,0.437,0.503,0.815,0.506,0.695,0,0,0,1,-0.866,0.5
2017_10_25,0.666,0.423,0.542,0.926,0.432,0.674,0,0,1,0,-0.866,0.5
2017_10_26,0.692,0.454,0.557,0.926,0.296,0.648,1,0,0,0,-0.866,0.5
2017_10_27,0.528,0.374,0.492,0.778,0.444,0.614,0,0,1,0,-0.866,0.5
2017_10_28,0.483,0.356,0.413,0.741,0.395,0.591,0,0,0,1,-0.866,0.5
2017_10_29,0.455,0.345,0.419,0.852,0.519,0.667,0,0,0,1,-0.866,0.5
2017_10_30,0.435,0.261,0.333,0.938,0.432,0.713,0,0,1,0,-0.866,0.5
2017_10_31,0.442,0.226,0.327,0.79,0.37,0.6,0,0,1,0,-0.866,0.5
2017_11_01,0.568,0.292,0.409,0.642,0.21,0.457,0,1,0,0,-0.5,0.866
2017_11_02,0.593,0.401,0.493,0.654,0.272,0.449,1,0,0,0,-0.5,0.866
2017_11_03,0.549,0.422,0.483,0.802,0.543,0.67,1,0,0,0,-0.5,0.866
2017_11_04,0.625,0.414,0.509,0.827,0.383,0.609,0,0,1,0,-0.5,0.866
2017_11_05,0.508,0.331,0.406,0.914,0.605,0.755,0,0,1,0,-0.5,0.866
2017_11_06,0.407,0.242,0.319,0.889,0.481,0.726,0,0,1,0,-0.5,0.866
2017_11_07,0.375,0.224,0.298,0.926,0.63,0.815,0,1,0,0,-0.5,0.866
2017_11_08,0.393,0.321,0.344,0.852,0.556,0.744,1,0,0,0,-0.5,0.866
2017_11_09,0.388,0.325,0.35,0.901,0.605,0.744,0,1,0,0,-0.5,0.866
2017_11_10,0.406,0.294,0.357,0.84,0.506,0.685,0,0,0,1,-0.5,0.866
2017_11_11,0.449,0.327,0.392,0.901,0.556,0.725,0,0,1,0,-0.5,0.866
2017_11_12,0.485,0.276,0.4,0.827,0.605,0.748,0,0,1,0,-0.5,0.866
2017_11_13,0.342,0.247,0.292,0.901,0.617,0.757,0,0,0,1,-0.5,0.866
2017_11_14,0.369,0.212,0.262,0.963,0.531,0.782,0,0,1,0,-0.5,0.866
2017_11_15,0.417,0.207,0.275,0.852,0.457,0.67,1,0,0,0,-0.5,0.866
2017_11_16,0.338,0.204,0.269,0.765,0.346,0.576,0,1,0,0,-0.5,0.866
2017_11_17,0.372,0.235,0.306,0.765,0.407,0.519,1,0,0,0,-0.5,0.866
2017_11_18,0.373,0.239,0.306,0.827,0.617,0.736,0,0,0,1,-0.5,0.866
2017_11_19,0.354,0.236,0.298,0.963,0.667,0.781,0,0,1,0,-0.5,0.866
2017_11_20,0.391,0.185,0.3,0.889,0.346,0.614,0,0,0,1,-0.5,0.866
2017_11_21,0.52,0.307,0.421,0.827,0.358,0.592,0,0,0,1,-0.5,0.866
2017_11_22,0.51,0.308,0.399,0.79,0.272,0.546,0,0,0,1,-0.5,0.866
2017_11_23,0.576,0.394,0.47,0.58,0.309,0.43,0,0,0,1,-0.5,0.866
2017_11_24,0.596,0.442,0.491,0.864,0.321,0.549,1,0,0,0,-0.5,0.866
2017_11_25,0.458,0.269,0.361,0.914,0.63,0.772,0,0,1,0,-0.5,0.866
2017_11_26,0.308,0.191,0.255,0.938,0.568,0.759,0,0,0,1,-0.5,0.866
2017_11_27,0.365,0.229,0.303,0.84,0.432,0.611,0,0,0,1,-0.5,0.866
2017_11_28,0.364,0.288,0.316,0.79,0.494,0.663,0,0,1,0,-0.5,0.866
2017_11_29,0.311,0.212,0.266,0.864,0.556,0.751,0,0,1,0,-0.5,0.866
2017_11_30,0.285,0.213,0.24,0.864,0.642,0.792,0,0,0,1,-0.5,0.866
2017_12_01,0.26,0.159,0.2,0.827,0.469,0.699,0,1,0,0,0,1
2017_12_02,0.288,0.134,0.184,0.852,0.469,0.713,1,0,0,0,0,1
2017_12_03,0.23,0.102,0.17,0.827,0.506,0.673,0,1,0,0,0,1
2017_12_04,0.303,0.213,0.259,0.852,0.556,0.726,0,1,0,0,0,1
2017_12_05,0.334,0.231,0.279,0.951,0.667,0.838,0,0,1,0,0,1
2017_12_06,0.301,0.19,0.24,0.901,0.642,0.788,0,0,0,1,0,1
2017_12_07,0.362,0.216,0.287,0.728,0.519,0.648,0,0,0,1,0,1
2017_12_08,0.383,0.216,0.291,0.852,0.506,0.743,0,0,0,1,0,1
2017_12_09,0.235,0.151,0.187,0.877,0.481,0.684,0,0,0,1,0,1
2017_12_10,0.374,0.187,0.286,0.753,0.37,0.596,0,0,0,1,0,1
2017_12_11,0.456,0.318,0.356,0.938,0.617,0.742,0,0,0,1,0,1
2017_12_12,0.339,0.209,0.258,0.79,0.494,0.672,0,0,1,0,0,1
2017_12_13,0.332,0.191,0.264,0.741,0.296,0.554,0,0,0,1,0,1
2017_12_14,0.373,0.308,0.343,0.753,0.556,0.667,0,0,0,1,0,1
2017_12_15,0.338,0.248,0.296,0.815,0.556,0.656,0,0,1,0,0,1
2017_12_16,0.293,0.222,0.264,0.901,0.63,0.769,0,0,0,1,0,1
2017_12_17,0.266,0.189,0.216,0.926,0.58,0.79,0,0,1,0,0,1
2017_12_18,0.276,0.187,0.237,0.951,0.494,0.809,0,0,0,1,0,1
2017_12_19,0.288,0.202,0.246,0.951,0.642,0.833,1,0,0,0,0,1
2017_12_20,0.31,0.229,0.271,0.914,0.716,0.812,1,0,0,0,0,1
2017_12_21,0.355,0.256,0.298,0.901,0.704,0.83,1,0,0,0,0,1
2017_12_22,0.383,0.317,0.338,0.889,0.815,0.86,1,0,0,0,0,1
2017_12_23,0.36,0.288,0.317,0.951,0.753,0.848,0,0,1,0,0,1
2017_12_24,0.335,0.259,0.287,0.951,0.704,0.863,0,0,0,1,0,1
2017_12_25,0.391,0.191,0.284,0.988,0.37,0.684,0,0,0,1,0,1
2017_12_26,0.382,0.286,0.346,0.753,0.494,0.594,0,0,0,1,0,1
2017_12_27,0.359,0.24,0.299,0.815,0.58,0.663,0,0,0,1,0,1
2017_12_28,0.25,0.172,0.208,0.864,0.556,0.737,0,0,0,1,0,1
2017_12_29,0.306,0.186,0.242,0.852,0.21,0.647,0,0,0,1,0,1
2017_12_30,0.478,0.275,0.382,0.84,0.642,0.745,0,0,0,1,0,1
2017_12_31,0.513,0.382,0.432,0.753,0.395,0.575,0,0,0,1,0,1
2018_01_01,0.428,0.309,0.361,0.778,0.37,0.612,0,0,0,1,0.5,0.866
2018_01_02,0.369,0.276,0.315,0.827,0.494,0.703,0,0,0,1,0.5,0.866
2018_01_03,0.471,0.333,0.389,0.753,0.617,0.689,0,0,0,1,0.5,0.866
2018_01_04,0.486,0.339,0.417,0.84,0.728,0.773,0,0,0,1,0.5,0.866
2018_01_05,0.518,0.389,0.445,0.963,0.543,0.723,0,0,1,0,0.5,0.866
2018_01_06,0.47,0.327,0.388,0.951,0.593,0.798,0,1,0,0,0.5,0.866
2018_01_07,0.4,0.287,0.337,0.951,0.642,0.807,0,0,0,1,0.5,0.866
2018_01_08,0.473,0.26,0.334,0.951,0.531,0.833,0,0,0,1,0.5,0.866
2018_01_09,0.461,0.275,0.368,0.951,0.457,0.692,0,1,0,0,0.5,0.866
2018_01_10,0.447,0.284,0.36,0.716,0.284,0.511,0,0,1,0,0.5,0.866
2018_01_11,0.388,0.287,0.333,0.938,0.63,0.776,1,0,0,0,0.5,0.866
2018_01_12,0.355,0.277,0.296,0.951,0.654,0.874,1,0,0,0,0.5,0.866
2018_01_13,0.344,0.192,0.249,0.938,0.519,0.787,0,1,0,0,0.5,0.866
2018_01_14,0.362,0.185,0.248,0.901,0.37,0.674,0,1,0,0,0.5,0.866
2018_01_15,0.426,0.204,0.307,0.691,0.395,0.534,0,0,0,1,0.5,0.866
2018_01_16,0.399,0.329,0.355,0.741,0.568,0.682,0,0,0,1,0.5,0.866
2018_01_17,0.324,0.244,0.273,0.815,0.63,0.75,0,0,0,1,0.5,0.866
2018_01_18,0.406,0.259,0.339,0.815,0.605,0.713,0,0,1,0,0.5,0.866
2018_01_19,0.374,0.253,0.303,0.84,0.543,0.73,0,0,1,0,0.5,0.866
2018_01_20,0.37,0.245,0.297,0.84,0.506,0.711,0,1,0,0,0.5,0.866
2018_01_21,0.321,0.258,0.291,0.864,0.506,0.708,0,0,1,0,0.5,0.866
2018_01_22,0.467,0.283,0.391,0.938,0.765,0.819,0,0,1,0,0.5,0.866
2018_01_23,0.418,0.306,0.352,0.926,0.593,0.735,0,0,0,1,0.5,0.866
2018_01_24,0.524,0.329,0.403,0.815,0.383,0.618,0,0,0,1,0.5,0.866
2018_01_25,0.501,0.342,0.404,0.691,0.395,0.529,0,0,0,1,0.5,0.866
2018_01_26,0.379,0.326,0.351,0.963,0.741,0.843,1,0,0,0,0.5,0.866
2018_01_27,0.41,0.311,0.356,0.951,0.679,0.828,0,0,1,0,0.5,0.866
2018_01_28,0.428,0.243,0.333,0.84,0.457,0.694,0,0,0,1,0.5,0.866
2018_01_29,0.429,0.276,0.347,0.877,0.642,0.777,0,0,0,1,0.5,0.866
2018_01_30,0.437,0.307,0.367,0.852,0.593,0.734,1,0,0,0,0.5,0.866
2018_01_31,0.482,0.281,0.379,0.852,0.383,0.637,0,0,0,1,0.5,0.866
2018_02_01,0.357,0.228,0.305,0.889,0.457,0.645,0,0,0,1,0.866,0.5
2018_02_02,0.316,0.184,0.235,0.988,0.494,0.759,0,0,0,1,0.866,0.5
2018_02_03,0.294,0.198,0.233,0.938,0.469,0.705,1,0,0,0,0.866,0.5
2018_02_04,0.327,0.191,0.242,0.901,0.395,0.634,0,0,0,1,0.866,0.5
2018_02_05,0.379,0.197,0.268,0.926,0.272,0.661,0,0,0,1,0.866,0.5
2018_02_06,0.373,0.199,0.271,0.728,0.407,0.603,0,0,1,0,0.866,0.5
2018_02_07,0.278,0.21,0.238,0.926,0.654,0.781,1,0,0,0,0.866,0.5
2018_02_08,0.315,0.165,0.238,0.901,0.519,0.752,0,1,0,0,0.866,0.5
2018_02_09,0.325,0.2,0.254,0.827,0.519,0.671,0,0,0,1,0.866,0.5
2018_02_10,0.307,0.182,0.242,0.889,0.481,0.688,0,0,0,1,0.866,0.5
2018_02_11,0.342,0.189,0.264,0.815,0.481,0.695,0,0,0,1,0.866,0.5
2018_02_12,0.273,0.187,0.232,0.901,0.444,0.642,0,0,0,1,0.866,0.5
2018_02_13,0.3,0.157,0.22,0.765,0.259,0.511,0,0,0,1,0.866,0.5
2018_02_14,0.333,0.153,0.229,0.741,0.333,0.533,0,0,0,1,0.866,0.5
2018_02_15,0.393,0.203,0.292,1,0.444,0.779,0,0,0,1,0.866,0.5
2018_02_16,0.404,0.292,0.357,1,0.506,0.781,0,1,0,0,0.866,0.5
2018_02_17,0.452,0.208,0.292,0.926,0.691,0.852,1,0,0,0,0.866,0.5
2018_02_18,0.352,0.197,0.252,0.938,0.407,0.705,1,0,0,0,0.866,0.5
2018_02_19,0.328,0.176,0.242,0.877,0.432,0.636,0,1,0,0,0.866,0.5
2018_02_20,0.316,0.187,0.249,0.753,0.432,0.594,1,0,0,0,0.866,0.5
2018_02_21,0.315,0.153,0.219,0.827,0.346,0.613,0,1,0,0,0.866,0.5
2018_02_22,0.258,0.167,0.207,0.642,0.432,0.548,0,0,1,0,0.866,0.5
2018_02_23,0.262,0.14,0.199,0.679,0.432,0.576,0,0,0,1,0.866,0.5
2018_02_24,0.286,0.145,0.198,0.667,0.346,0.537,0,0,0,1,0.866,0.5
2018_02_25,0.189,0.062,0.112,0.543,0.222,0.432,0,0,0,1,0.866,0.5
2018_02_26,0.107,0.024,0.066,0.556,0.259,0.417,0,0,0,1,0.866,0.5
2018_02_27,0.112,0,0.059,0.593,0.284,0.433,0,0,1,0,0.866,0.5
2018_02_28,0.18,0.014,0.094,0.654,0.284,0.496,0,0,0,1,0.866,0.5
2018_03_01,0.24,0.1,0.173,0.877,0.42,0.702,0,0,0,1,1,0
2018_03_02,0.325,0.146,0.215,0.926,0.63,0.774,0,0,0,1,1,0
2018_03_03,0.432,0.173,0.304,0.864,0.432,0.656,0,0,1,0,1,0
2018_03_04,0.495,0.223,0.379,0.938,0.346,0.601,0,1,0,0,1,0
2018_03_05,0.507,0.315,0.41,0.926,0.37,0.632,0,0,1,0,1,0
2018_03_06,0.428,0.279,0.378,0.815,0.654,0.728,0,1,0,0,1,0
2018_03_07,0.392,0.235,0.32,0.815,0.42,0.619,1,0,0,0,1,0
2018_03_08,0.503,0.227,0.371,0.79,0.173,0.52,0,0,0,1,1,0
2018_03_09,0.589,0.334,0.445,0.58,0.296,0.454,0,1,0,0,1,0
2018_03_10,0.571,0.377,0.449,0.938,0.531,0.692,0,0,1,0,1,0
2018_03_11,0.459,0.35,0.392,0.926,0.543,0.758,1,0,0,0,1,0
2018_03_12,0.492,0.366,0.423,0.778,0.395,0.622,0,0,0,1,1,0
2018_03_13,0.431,0.315,0.368,0.802,0.506,0.64,0,0,1,0,1,0
2018_03_14,0.509,0.319,0.392,0.877,0.346,0.646,0,1,0,0,1,0
2018_03_15,0.436,0.268,0.343,0.691,0.481,0.608,0,0,1,0,1,0
2018_03_16,0.462,0.303,0.388,0.815,0.481,0.644,0,1,0,0,1,0
2018_03_17,0.417,0.246,0.314,0.901,0.617,0.814,0,0,0,1,1,0
2018_03_18,0.385,0.257,0.313,0.914,0.309,0.671,0,0,0,1,1,0
2018_03_19,0.355,0.153,0.256,0.716,0.346,0.503,0,0,0,1,1,0
2018_03_20,0.337,0.137,0.253,0.704,0.148,0.488,0,0,1,0,1,0
2018_03_21,0.335,0.109,0.222,0.889,0.086,0.485,0,1,0,0,1,0
2018_03_22,0.376,0.168,0.267,0.79,0.185,0.496,0,0,1,0,1,0
2018_03_23,0.434,0.272,0.343,0.877,0.407,0.657,0,0,0,1,1,0
2018_03_24,0.474,0.191,0.348,0.877,0.222,0.492,0,1,0,0,1,0
2018_03_25,0.501,0.304,0.397,0.691,0.346,0.515,1,0,0,0,1,0
2018_03_26,0.473,0.319,0.39,0.926,0.346,0.587,1,0,0,0,1,0
2018_03_27,0.47,0.26,0.375,0.889,0.259,0.618,0,1,0,0,1,0
2018_03_28,0.517,0.358,0.43,0.84,0.444,0.683,0,1,0,0,1,0
2018_03_29,0.432,0.282,0.351,0.827,0.395,0.631,0,1,0,0,1,0
2018_03_30,0.579,0.273,0.387,0.827,0.21,0.601,0,0,1,0,1,0
2018_03_31,0.436,0.318,0.371,0.852,0.407,0.615,0,1,0,0,1,0
2018_04_01,0.413,0.247,0.343,0.815,0.432,0.634,1,0,0,0,0.866,-0.5
2018_04_02,0.647,0.196,0.425,0.864,0.062,0.459,0,0,1,0,0.866,-0.5
2018_04_03,0.672,0.403,0.53,0.58,0.148,0.314,0,0,0,1,0.866,-0.5
2018_04_04,0.58,0.324,0.451,0.815,0.272,0.596,0,0,0,1,0.866,-0.5
2018_04_05,0.467,0.341,0.405,0.753,0.42,0.596,0,0,1,0,0.866,-0.5
2018_04_06,0.619,0.25,0.428,0.827,0.247,0.532,0,0,1,0,0.866,-0.5
2018_04_07,0.703,0.325,0.513,0.667,0.185,0.448,0,1,0,0,0.866,-0.5
2018_04_08,0.716,0.388,0.546,0.642,0.185,0.389,1,0,0,0,0.866,-0.5
2018_04_09,0.647,0.364,0.507,0.63,0.235,0.485,0,1,0,0,0.866,-0.5
2018_04_10,0.539,0.321,0.447,0.84,0.543,0.717,0,1,0,0,0.866,-0.5
2018_04_11,0.62,0.285,0.456,0.778,0.185,0.453,1,0,0,0,0.866,-0.5
2018_04_12,0.607,0.374,0.485,0.642,0.21,0.453,1,0,0,0,0.866,-0.5
2018_04_13,0.568,0.386,0.466,0.889,0.284,0.544,1,0,0,0,0.866,-0.5
2018_04_14,0.655,0.356,0.512,0.704,0.198,0.466,1,0,0,0,0.866,-0.5
2018_04_15,0.653,0.44,0.541,0.877,0.37,0.622,1,0,0,0,0.866,-0.5
2018_04_16,0.617,0.455,0.525,0.852,0.383,0.64,0,1,0,0,0.866,-0.5
2018_04_17,0.688,0.412,0.556,0.864,0.284,0.561,0,1,0,0,0.866,-0.5
2018_04_18,0.741,0.378,0.566,0.815,0.148,0.484,1,0,0,0,0.866,-0.5
2018_04_19,0.763,0.434,0.597,0.716,0.235,0.474,1,0,0,0,0.866,-0.5
2018_04_20,0.786,0.523,0.66,0.679,0.185,0.425,1,0,0,0,0.866,-0.5
2018_04_21,0.796,0.57,0.683,0.494,0.136,0.321,1,0,0,0,0.866,-0.5
2018_04_22,0.799,0.536,0.675,0.519,0.123,0.331,0,0,1,0,0.866,-0.5
2018_04_23,0.694,0.54,0.605,0.679,0.346,0.525,0,0,1,0,0.866,-0.5
2018_04_24,0.715,0.488,0.595,0.741,0.284,0.52,0,0,0,1,0.866,-0.5
2018_04_25,0.702,0.459,0.583,0.691,0.272,0.466,0,0,0,1,0.866,-0.5
2018_04_26,0.561,0.43,0.492,0.716,0.235,0.457,0,0,0,1,0.866,-0.5
2018_04_27,0.708,0.382,0.551,0.63,0.222,0.422,0,1,0,0,0.866,-0.5
2018_04_28,0.646,0.425,0.543,0.679,0.42,0.53,0,0,1,0,0.866,-0.5
2018_04_29,0.788,0.453,0.614,0.901,0.136,0.505,0,1,0,0,0.866,-0.5
2018_04_30,0.592,0.398,0.495,0.642,0.148,0.394,0,0,0,1,0.866,-0.5
2018_05_01,0.548,0.311,0.439,0.827,0.272,0.494,0,0,0,1,0.5,-0.866
2018_05_02,0.607,0.373,0.483,0.827,0.358,0.576,0,0,0,1,0.5,-0.866
2018_05_03,0.616,0.465,0.534,0.654,0.346,0.492,1,0,0,0,0.5,-0.866
2018_05_04,0.708,0.417,0.573,0.753,0.358,0.55,1,0,0,0,0.5,-0.866
2018_05_05,0.724,0.399,0.575,0.864,0.358,0.601,0,1,0,0,0.5,-0.866
2018_05_06,0.785,0.457,0.603,0.938,0.247,0.628,1,0,0,0,0.5,-0.866
2018_05_07,0.751,0.453,0.597,0.741,0.21,0.501,1,0,0,0,0.5,-0.866
2018_05_08,0.744,0.493,0.623,0.753,0.296,0.527,1,0,0,0,0.5,-0.866
2018_05_09,0.719,0.518,0.616,0.728,0.309,0.545,0,1,0,0,0.5,-0.866
2018_05_10,0.549,0.453,0.497,0.901,0.716,0.781,0,1,0,0,0.5,-0.866
2018_05_11,0.688,0.417,0.558,0.84,0.358,0.592,1,0,0,0,0.5,-0.866
2018_05_12,0.764,0.488,0.635,0.741,0.185,0.488,0,1,0,0,0.5,-0.866
2018_05_13,0.604,0.426,0.481,0.864,0.679,0.754,0,1,0,0,0.5,-0.866
2018_05_14,0.61,0.418,0.509,0.926,0.469,0.677,0,0,0,1,0.5,-0.866
2018_05_15,0.553,0.472,0.514,0.951,0.605,0.782,0,0,1,0,0.5,-0.866
2018_05_16,0.554,0.435,0.491,0.926,0.617,0.81,0,0,0,1,0.5,-0.866
2018_05_17,0.581,0.426,0.501,0.926,0.543,0.757,0,0,1,0,0.5,-0.866
2018_05_18,0.677,0.373,0.537,0.827,0.333,0.581,0,1,0,0,0.5,-0.866
2018_05_19,0.635,0.413,0.534,0.778,0.395,0.587,1,0,0,0,0.5,-0.866
2018_05_20,0.64,0.414,0.53,0.877,0.407,0.652,1,0,0,0,0.5,-0.866
2018_05_21,0.706,0.433,0.592,0.938,0.309,0.585,0,1,0,0,0.5,-0.866
2018_05_22,0.732,0.526,0.615,0.926,0.296,0.558,0,1,0,0,0.5,-0.866
2018_05_23,0.652,0.508,0.578,0.938,0.481,0.725,0,0,1,0,0.5,-0.866
2018_05_24,0.723,0.519,0.619,0.901,0.37,0.611,0,0,1,0,0.5,-0.866
2018_05_25,0.778,0.496,0.657,0.827,0.222,0.502,1,0,0,0,0.5,-0.866
2018_05_26,0.832,0.512,0.688,0.815,0.185,0.517,0,1,0,0,0.5,-0.866
2018_05_27,0.847,0.572,0.725,0.704,0.235,0.465,0,0,1,0,0.5,-0.866
2018_05_28,0.762,0.566,0.665,0.79,0.469,0.649,0,1,0,0,0.5,-0.866
2018_05_29,0.75,0.551,0.67,0.84,0.37,0.583,0,0,1,0,0.5,-0.866
2018_05_30,0.819,0.556,0.675,0.852,0.259,0.591,1,0,0,0,0.5,-0.866
2018_05_31,0.734,0.558,0.621,0.951,0.42,0.745,1,0,0,0,0.5,-0.866
2018_06_01,0.7,0.541,0.618,0.852,0.432,0.626,1,0,0,0,0,-1
2018_06_02,0.746,0.522,0.64,0.802,0.333,0.563,0,1,0,0,0,-1
2018_06_03,0.792,0.527,0.678,0.84,0.296,0.541,1,0,0,0,0,-1
2018_06_04,0.76,0.585,0.66,0.864,0.444,0.669,0,1,0,0,0,-1
2018_06_05,0.81,0.565,0.695,0.864,0.259,0.557,0,0,1,0,0,-1
2018_06_06,0.777,0.611,0.673,0.778,0.309,0.615,0,0,1,0,0,-1
2018_06_07,0.692,0.574,0.624,0.827,0.506,0.676,0,1,0,0,0,-1
2018_06_08,0.732,0.563,0.648,0.926,0.457,0.659,0,1,0,0,0,-1
2018_06_09,0.742,0.602,0.675,0.802,0.457,0.617,0,1,0,0,0,-1
2018_06_10,0.829,0.573,0.716,0.802,0.284,0.529,0,1,0,0,0,-1
2018_06_11,0.8,0.609,0.701,0.864,0.346,0.649,0,0,1,0,0,-1
2018_06_12,0.681,0.565,0.617,0.951,0.531,0.782,0,0,1,0,0,-1
2018_06_13,0.645,0.488,0.547,0.938,0.358,0.693,1,0,0,0,0,-1
2018_06_14,0.686,0.439,0.581,0.889,0.247,0.528,0,0,1,0,0,-1
2018_06_15,0.732,0.509,0.631,0.753,0.333,0.527,1,0,0,0,0,-1
2018_06_16,0.774,0.518,0.657,0.815,0.284,0.533,0,0,1,0,0,-1
2018_06_17,0.678,0.576,0.629,0.778,0.469,0.635,0,0,1,0,0,-1
2018_06_18,0.747,0.497,0.635,0.753,0.259,0.524,0,0,0,1,0,-1
2018_06_19,0.805,0.537,0.677,0.84,0.309,0.57,0,0,1,0,0,-1
2018_06_20,0.86,0.575,0.729,0.84,0.284,0.548,0,0,1,0,0,-1
2018_06_21,0.827,0.534,0.704,0.691,0.222,0.478,0,0,1,0,0,-1
2018_06_22,0.627,0.382,0.525,0.679,0.21,0.416,0,0,1,0,0,-1
2018_06_23,0.667,0.413,0.55,0.691,0.272,0.458,1,0,0,0,0,-1
2018_06_24,0.705,0.472,0.599,0.691,0.272,0.453,1,0,0,0,0,-1
2018_06_25,0.704,0.474,0.612,0.765,0.321,0.498,1,0,0,0,0,-1
2018_06_26,0.765,0.495,0.651,0.679,0.321,0.473,0,1,0,0,0,-1
2018_06_27,0.764,0.492,0.645,0.79,0.247,0.496,0,0,1,0,0,-1
2018_06_28,0.762,0.445,0.625,0.815,0.272,0.511,0,0,1,0,0,-1
2018_06_29,0.807,0.543,0.689,0.827,0.333,0.541,0,0,1,0,0,-1
2018_06_30,0.861,0.563,0.724,0.815,0.259,0.527,0,0,1,0,0,-1
2018_07_01,0.862,0.557,0.713,0.63,0.284,0.419,0,0,1,0,-0.5,-0.866
2018_07_02,0.888,0.54,0.724,0.58,0.21,0.398,0,0,1,0,-0.5,-0.866
2018_07_03,0.808,0.613,0.73,0.63,0.37,0.493,0,0,1,0,-0.5,-0.866
2018_07_04,0.855,0.594,0.741,0.84,0.21,0.483,0,1,0,0,-0.5,-0.866
2018_07_05,0.732,0.573,0.655,0.864,0.42,0.618,1,0,0,0,-0.5,-0.866
2018_07_06,0.721,0.549,0.632,0.926,0.444,0.684,1,0,0,0,-0.5,-0.866
2018_07_07,0.786,0.492,0.66,0.926,0.272,0.563,1,0,0,0,-0.5,-0.866
2018_07_08,0.8,0.554,0.683,0.79,0.222,0.481,1,0,0,0,-0.5,-0.866
2018_07_09,0.813,0.524,0.681,0.691,0.198,0.458,1,0,0,0,-0.5,-0.866
2018_07_10,0.722,0.567,0.641,0.691,0.309,0.491,0,0,0,1,-0.5,-0.866
2018_07_11,0.7,0.485,0.601,0.617,0.235,0.456,0,1,0,0,-0.5,-0.866
2018_07_12,0.771,0.497,0.641,0.642,0.247,0.461,0,1,0,0,-0.5,-0.866
2018_07_13,0.82,0.547,0.698,0.741,0.16,0.428,1,0,0,0,-0.5,-0.866
2018_07_14,0.834,0.594,0.729,0.58,0.21,0.381,1,0,0,0,-0.5,-0.866
2018_07_15,0.84,0.57,0.705,0.728,0.198,0.498,1,0,0,0,-0.5,-0.866
2018_07_16,0.813,0.536,0.697,0.864,0.173,0.486,1,0,0,0,-0.5,-0.866
2018_07_17,0.77,0.603,0.698,0.617,0.247,0.468,0,0,1,0,-0.5,-0.866
2018_07_18,0.844,0.583,0.716,0.778,0.185,0.461,1,0,0,0,-0.5,-0.866
2018_07_19,0.848,0.564,0.728,0.741,0.198,0.421,1,0,0,0,-0.5,-0.866
2018_07_20,0.824,0.592,0.712,0.827,0.296,0.523,1,0,0,0,-0.5,-0.866
2018_07_21,0.708,0.589,0.645,0.852,0.469,0.644,1,0,0,0,-0.5,-0.866
2018_07_22,0.766,0.565,0.662,0.728,0.296,0.551,1,0,0,0,-0.5,-0.866
2018_07_23,0.781,0.57,0.682,0.753,0.358,0.56,1,0,0,0,-0.5,-0.866
2018_07_24,0.877,0.543,0.726,0.778,0.173,0.474,1,0,0,0,-0.5,-0.866
2018_07_25,0.881,0.604,0.763,0.765,0.173,0.438,1,0,0,0,-0.5,-0.866
2018_07_26,0.921,0.632,0.773,0.654,0.136,0.42,1,0,0,0,-0.5,-0.866
2018_07_27,0.892,0.607,0.762,0.679,0.173,0.424,1,0,0,0,-0.5,-0.866
2018_07_28,0.801,0.633,0.709,0.716,0.383,0.575,0,0,1,0,-0.5,-0.866
2018_07_29,0.875,0.578,0.742,0.84,0.235,0.517,0,0,1,0,-0.5,-0.866
2018_07_30,0.922,0.659,0.803,0.617,0.111,0.361,0,1,0,0,-0.5,-0.866
2018_07_31,0.952,0.699,0.821,0.543,0.099,0.338,1,0,0,0,-0.5,-0.866
2018_08_01,0.927,0.679,0.768,0.778,0.259,0.545,1,0,0,0,-0.866,-0.5
2018_08_02,0.907,0.618,0.765,0.864,0.222,0.547,1,0,0,0,-0.866,-0.5
2018_08_03,0.945,0.639,0.793,0.827,0.185,0.509,1,0,0,0,-0.866,-0.5
2018_08_04,0.933,0.692,0.815,0.679,0.198,0.456,0,1,0,0,-0.866,-0.5
2018_08_05,0.922,0.646,0.788,0.802,0.198,0.486,1,0,0,0,-0.866,-0.5
2018_08_06,0.918,0.613,0.776,0.728,0.259,0.492,1,0,0,0,-0.866,-0.5
2018_08_07,0.945,0.712,0.815,0.667,0.148,0.408,1,0,0,0,-0.866,-0.5
2018_08_08,0.859,0.689,0.774,0.716,0.358,0.44,0,0,1,0,-0.866,-0.5
2018_08_09,0.916,0.627,0.736,0.753,0.16,0.545,0,0,1,0,-0.866,-0.5
2018_08_10,0.72,0.539,0.638,0.753,0.309,0.519,0,0,1,0,-0.866,-0.5
2018_08_11,0.76,0.488,0.653,0.556,0.185,0.342,0,1,0,0,-0.866,-0.5
2018_08_12,0.853,0.526,0.695,0.593,0.21,0.413,0,1,0,0,-0.866,-0.5
2018_08_13,0.719,0.611,0.677,0.741,0.383,0.611,1,0,0,0,-0.866,-0.5
2018_08_14,0.71,0.57,0.634,0.827,0.395,0.614,0,1,0,0,-0.866,-0.5
2018_08_15,0.798,0.537,0.675,0.716,0.235,0.469,0,0,1,0,-0.866,-0.5
2018_08_16,0.851,0.579,0.719,0.728,0.21,0.461,0,0,1,0,-0.866,-0.5
2018_08_17,0.812,0.613,0.696,0.765,0.333,0.566,1,0,0,0,-0.866,-0.5
2018_08_18,0.805,0.566,0.69,0.802,0.321,0.572,0,0,1,0,-0.866,-0.5
2018_08_19,0.848,0.598,0.723,0.778,0.222,0.497,0,0,0,1,-0.866,-0.5
2018_08_20,0.854,0.627,0.738,0.605,0.21,0.432,1,0,0,0,-0.866,-0.5
2018_08_21,0.861,0.6,0.74,0.79,0.272,0.509,1,0,0,0,-0.866,-0.5
2018_08_22,0.889,0.644,0.771,0.667,0.21,0.444,0,1,0,0,-0.866,-0.5
2018_08_23,0.887,0.677,0.764,0.556,0.185,0.4,0,0,1,0,-0.866,-0.5
2018_08_24,0.729,0.574,0.654,0.704,0.395,0.558,0,0,0,1,-0.866,-0.5
2018_08_25,0.586,0.436,0.528,0.79,0.395,0.59,0,0,1,0,-0.866,-0.5
2018_08_26,0.648,0.389,0.519,0.778,0.173,0.464,0,0,1,0,-0.866,-0.5
2018_08_27,0.756,0.468,0.615,0.568,0.222,0.445,0,0,0,1,-0.866,-0.5
2018_08_28,0.816,0.578,0.694,0.691,0.247,0.495,1,0,0,0,-0.866,-0.5
2018_08_29,0.85,0.581,0.701,0.753,0.284,0.535,1,0,0,0,-0.866,-0.5
2018_08_30,0.677,0.542,0.606,0.827,0.395,0.631,1,0,0,0,-0.866,-0.5
2018_08_31,0.571,0.491,0.519,0.951,0.679,0.817,1,0,0,0,-0.866,-0.5
2018_09_01,0.621,0.487,0.546,0.926,0.481,0.729,1,0,0,0,-1,0
2018_09_02,0.655,0.452,0.545,0.852,0.444,0.69,1,0,0,0,-1,0
2018_09_03,0.681,0.482,0.589,0.901,0.395,0.638,0,1,0,0,-1,0
2018_09_04,0.736,0.501,0.618,0.765,0.333,0.555,0,0,1,0,-1,0
2018_09_05,0.788,0.528,0.654,0.79,0.284,0.558,0,1,0,0,-1,0
2018_09_06,0.77,0.564,0.644,0.741,0.309,0.579,0,1,0,0,-1,0
2018_09_07,0.711,0.551,0.619,0.877,0.296,0.599,0,0,1,0,-1,0
2018_09_08,0.722,0.483,0.608,0.79,0.309,0.542,0,0,1,0,-1,0
2018_09_09,0.787,0.52,0.653,0.802,0.185,0.494,0,0,1,0,-1,0
2018_09_10,0.835,0.563,0.699,0.679,0.111,0.41,0,0,1,0,-1,0
2018_09_11,0.853,0.602,0.718,0.58,0.185,0.386,0,0,0,1,-1,0
2018_09_12,0.868,0.574,0.731,0.654,0.222,0.441,0,1,0,0,-1,0
2018_09_13,0.81,0.575,0.667,0.926,0.358,0.597,1,0,0,0,-1,0
2018_09_14,0.692,0.545,0.611,0.938,0.469,0.72,0,1,0,0,-1,0
2018_09_15,0.702,0.5,0.595,0.753,0.222,0.509,0,1,0,0,-1,0
2018_09_16,0.781,0.445,0.624,0.667,0.321,0.496,0,1,0,0,-1,0
2018_09_17,0.806,0.584,0.682,0.691,0.198,0.459,0,1,0,0,-1,0
2018_09_18,0.831,0.55,0.701,0.691,0.235,0.456,0,0,0,1,-1,0
2018_09_19,0.833,0.594,0.712,0.63,0.222,0.454,0,0,0,1,-1,0
2018_09_20,0.83,0.612,0.712,0.63,0.259,0.466,0,0,0,1,-1,0
2018_09_21,0.82,0.54,0.67,0.753,0.247,0.505,0,0,0,1,-1,0
2018_09_22,0.664,0.453,0.567,0.877,0.235,0.518,0,0,1,0,-1,0
2018_09_23,0.8,0.463,0.663,0.84,0.099,0.466,0,0,1,0,-1,0
2018_09_24,0.553,0.363,0.457,0.864,0.296,0.562,0,0,1,0,-1,0
2018_09_25,0.572,0.284,0.427,0.765,0.185,0.432,1,0,0,0,-1,0
2018_09_26,0.661,0.309,0.485,0.605,0.235,0.405,0,1,0,0,-1,0
2018_09_27,0.73,0.44,0.582,0.741,0.222,0.502,1,0,0,0,-1,0
2018_09_28,0.719,0.51,0.598,0.667,0.272,0.491,0,0,1,0,-1,0
2018_09_29,0.646,0.353,0.492,0.815,0.309,0.556,1,0,0,0,-1,0
2018_09_30,0.72,0.356,0.542,0.741,0.272,0.53,1,0,0,0,-1,0
2018_10_01,0.529,0.352,0.455,0.84,0.469,0.663,0,0,0,1,-0.866,0.5
2018_10_02,0.536,0.297,0.409,0.765,0.235,0.512,0,0,0,1,-0.866,0.5
2018_10_03,0.596,0.45,0.509,0.753,0.506,0.65,0,1,0,0,-0.866,0.5
2018_10_04,0.64,0.389,0.501,0.951,0.333,0.669,1,0,0,0,-0.866,0.5
2018_10_05,0.725,0.387,0.562,0.827,0.284,0.552,1,0,0,0,-0.866,0.5
2018_10_06,0.759,0.48,0.614,0.642,0.198,0.418,0,1,0,0,-0.866,0.5
2018_10_07,0.634,0.488,0.56,0.914,0.444,0.612,0,0,1,0,-0.866,0.5
2018_10_08,0.657,0.414,0.525,0.914,0.444,0.706,0,1,0,0,-0.866,0.5
2018_10_09,0.696,0.463,0.572,0.926,0.457,0.693,1,0,0,0,-0.866,0.5
2018_10_10,0.73,0.47,0.576,0.889,0.272,0.623,0,1,0,0,-0.866,0.5
2018_10_11,0.722,0.456,0.58,0.654,0.321,0.49,0,0,0,1,-0.866,0.5
2018_10_12,0.773,0.497,0.626,0.765,0.235,0.515,0,0,0,1,-0.866,0.5
2018_10_13,0.752,0.502,0.61,0.654,0.309,0.491,0,0,0,1,-0.866,0.5
2018_10_14,0.724,0.497,0.597,0.704,0.272,0.464,0,1,0,0,-0.866,0.5
2018_10_15,0.705,0.412,0.545,0.617,0.235,0.438,1,0,0,0,-0.866,0.5
2018_10_16,0.71,0.423,0.559,0.642,0.235,0.446,1,0,0,0,-0.866,0.5
2018_10_17,0.688,0.461,0.573,0.716,0.346,0.531,1,0,0,0,-0.866,0.5
2018_10_18,0.717,0.471,0.553,0.753,0.235,0.586,0,1,0,0,-0.866,0.5
2018_10_19,0.63,0.42,0.496,0.938,0.481,0.753,1,0,0,0,-0.866,0.5
2018_10_20,0.619,0.386,0.48,0.938,0.494,0.749,1,0,0,0,-0.866,0.5
2018_10_21,0.597,0.364,0.45,0.926,0.407,0.688,1,0,0,0,-0.866,0.5
2018_10_22,0.56,0.267,0.398,0.778,0.309,0.558,0,0,1,0,-0.866,0.5
2018_10_23,0.581,0.326,0.434,0.901,0.259,0.594,0,0,0,1,-0.866,0.5
2018_10_24,0.561,0.441,0.482,0.864,0.333,0.559,0,0,1,0,-0.866,0.5
2018_10_25,0.613,0.405,0.485,0.864,0.457,0.704,1,0,0,0,-0.866,0.5
2018_10_26,0.546,0.358,0.46,0.864,0.395,0.638,0,0,1,0,-0.866,0.5
2018_10_27,0.455,0.33,0.383,0.914,0.568,0.727,0,0,1,0,-0.866,0.5
2018_10_28,0.376,0.304,0.331,0.877,0.568,0.683,0,0,0,1,-0.866,0.5
2018_10_29,0.537,0.26,0.357,0.852,0.494,0.715,0,0,0,1,-0.866,0.5
2018_10_30,0.426,0.271,0.34,0.716,0.383,0.521,0,0,0,1,-0.866,0.5
2018_10_31,0.549,0.228,0.378,0.827,0.321,0.574,0,0,1,0,-0.866,0.5
2018_11_01,0.515,0.342,0.42,0.84,0.556,0.682,0,0,0,1,-0.5,0.866
2018_11_02,0.514,0.389,0.44,0.827,0.457,0.67,0,1,0,0,-0.5,0.866
2018_11_03,0.527,0.366,0.422,0.827,0.494,0.698,0,1,0,0,-0.5,0.866
2018_11_04,0.569,0.329,0.43,0.963,0.556,0.756,0,1,0,0,-0.5,0.866
2018_11_05,0.581,0.387,0.466,0.852,0.469,0.694,1,0,0,0,-0.5,0.866
2018_11_06,0.602,0.374,0.462,0.79,0.444,0.639,0,0,1,0,-0.5,0.866
2018_11_07,0.565,0.374,0.485,0.753,0.395,0.583,0,0,0,1,-0.5,0.866
2018_11_08,0.52,0.38,0.447,0.815,0.519,0.689,0,0,1,0,-0.5,0.866
2018_11_09,0.574,0.379,0.468,0.889,0.432,0.67,0,0,1,0,-0.5,0.866
2018_11_10,0.578,0.337,0.461,0.951,0.296,0.626,0,0,0,1,-0.5,0.866
2018_11_11,0.609,0.418,0.505,0.802,0.42,0.602,0,0,0,1,-0.5,0.866
2018_11_12,0.61,0.409,0.487,0.84,0.37,0.614,0,0,1,0,-0.5,0.866
2018_11_13,0.539,0.414,0.466,0.827,0.444,0.642,0,0,0,1,-0.5,0.866
2018_11_14,0.533,0.355,0.424,0.852,0.457,0.704,0,0,1,0,-0.5,0.866
2018_11_15,0.488,0.276,0.381,0.938,0.494,0.726,1,0,0,0,-0.5,0.866
2018_11_16,0.425,0.254,0.335,0.802,0.469,0.673,1,0,0,0,-0.5,0.866
2018_11_17,0.383,0.183,0.274,0.864,0.309,0.624,0,0,1,0,-0.5,0.866
2018_11_18,0.325,0.153,0.23,0.84,0.444,0.649,0,0,0,1,-0.5,0.866
2018_11_19,0.299,0.124,0.219,0.79,0.383,0.655,0,0,0,1,-0.5,0.866
2018_11_20,0.367,0.151,0.233,0.914,0.358,0.651,0,0,0,1,-0.5,0.866
2018_11_21,0.369,0.208,0.281,0.728,0.395,0.572,0,1,0,0,-0.5,0.866
2018_11_22,0.43,0.27,0.331,0.79,0.444,0.663,1,0,0,0,-0.5,0.866
2018_11_23,0.419,0.214,0.324,0.926,0.481,0.713,1,0,0,0,-0.5,0.866
2018_11_24,0.463,0.312,0.383,0.901,0.481,0.691,0,1,0,0,-0.5,0.866
2018_11_25,0.42,0.249,0.331,0.914,0.506,0.748,0,1,0,0,-0.5,0.866
2018_11_26,0.352,0.293,0.321,0.901,0.667,0.804,0,1,0,0,-0.5,0.866
2018_11_27,0.343,0.283,0.312,0.938,0.605,0.801,0,1,0,0,-0.5,0.866
2018_11_28,0.421,0.231,0.325,0.901,0.395,0.651,0,0,0,1,-0.5,0.866
2018_11_29,0.503,0.266,0.38,0.716,0.123,0.459,0,0,0,1,-0.5,0.866
2018_11_30,0.429,0.344,0.381,0.877,0.235,0.641,0,0,0,1,-0.5,0.866
2018_12_01,0.436,0.297,0.364,0.914,0.506,0.718,0,0,0,1,0,1
2018_12_02,0.499,0.392,0.447,0.753,0.333,0.598,0,0,0,1,0,1
2018_12_03,0.54,0.451,0.491,0.852,0.605,0.718,0,0,0,1,0,1
2018_12_04,0.454,0.363,0.42,0.889,0.642,0.775,1,0,0,0,0,1
2018_12_05,0.502,0.354,0.413,0.926,0.321,0.685,0,0,1,0,0,1
2018_12_06,0.486,0.385,0.446,0.852,0.432,0.718,0,0,0,1,0,1
2018_12_07,0.496,0.357,0.445,0.815,0.494,0.668,0,0,0,1,0,1
2018_12_08,0.396,0.302,0.35,0.753,0.58,0.672,0,0,0,1,0,1
2018_12_09,0.398,0.358,0.377,0.827,0.593,0.736,0,0,0,1,0,1
2018_12_10,0.35,0.269,0.311,0.852,0.654,0.773,0,0,1,0,0,1
2018_12_11,0.312,0.216,0.271,0.864,0.531,0.733,1,0,0,0,0,1
2018_12_12,0.322,0.178,0.226,0.889,0.407,0.697,0,1,0,0,0,1
2018_12_13,0.275,0.145,0.192,0.926,0.42,0.705,0,0,0,1,0,1
2018_12_14,0.247,0.115,0.167,0.877,0.506,0.744,0,1,0,0,0,1
2018_12_15,0.25,0.148,0.192,0.852,0.494,0.679,0,0,0,1,0,1
2018_12_16,0.371,0.208,0.298,0.901,0.679,0.812,0,0,1,0,0,1
2018_12_17,0.376,0.23,0.293,0.963,0.667,0.808,0,0,1,0,0,1
2018_12_18,0.361,0.192,0.253,0.901,0.42,0.665,0,0,0,1,0,1
2018_12_19,0.374,0.227,0.331,0.889,0.407,0.692,0,0,0,1,0,1
2018_12_20,0.421,0.286,0.345,0.802,0.457,0.673,0,0,0,1,0,1
2018_12_21,0.465,0.331,0.404,0.716,0.457,0.612,0,0,0,1,0,1
2018_12_22,0.477,0.418,0.447,0.765,0.593,0.699,0,0,0,1,0,1
2018_12_23,0.491,0.375,0.436,0.84,0.568,0.751,0,0,1,0,0,1
2018_12_24,0.47,0.236,0.372,0.938,0.63,0.803,0,1,0,0,0,1
2018_12_25,0.313,0.208,0.241,0.938,0.63,0.853,1,0,0,0,0,1
2018_12_26,0.306,0.16,0.222,0.963,0.568,0.741,1,0,0,0,0,1
2018_12_27,0.379,0.192,0.282,0.667,0.444,0.523,1,0,0,0,0,1
2018_12_28,0.371,0.245,0.315,0.691,0.395,0.559,1,0,0,0,0,1
2018_12_29,0.285,0.208,0.237,0.815,0.605,0.702,0,0,1,0,0,1
2018_12_30,0.332,0.249,0.289,0.877,0.642,0.75,0,1,0,0,0,1
2018_12_31,0.37,0.283,0.322,0.877,0.667,0.763,0,1,0,0,0,1
2019_01_01,0.352,0.279,0.301,0.901,0.654,0.818,0,0,0,1,0.5,0.866
2019_01_02,0.295,0.195,0.242,0.901,0.506,0.743,0,0,1,0,0.5,0.866
2019_01_03,0.254,0.156,0.194,0.914,0.42,0.7,0,1,0,0,0.5,0.866
2019_01_04,0.299,0.16,0.22,0.938,0.519,0.747,0,1,0,0,0.5,0.866
2019_01_05,0.262,0.199,0.235,0.926,0.691,0.818,0,0,1,0,0.5,0.866
2019_01_06,0.315,0.222,0.261,0.877,0.58,0.779,1,0,0,0,0.5,0.866
2019_01_07,0.295,0.22,0.257,0.901,0.654,0.762,0,0,1,0,0.5,0.866
2019_01_08,0.323,0.246,0.29,0.827,0.716,0.779,0,0,0,1,0.5,0.866
2019_01_09,0.277,0.204,0.25,0.914,0.506,0.713,0,0,0,1,0.5,0.866
2019_01_10,0.254,0.164,0.202,0.901,0.63,0.789,0,1,0,0,0.5,0.866
2019_01_11,0.276,0.16,0.206,0.864,0.42,0.704,0,0,1,0,0.5,0.866
2019_01_12,0.321,0.233,0.275,0.84,0.617,0.748,0,0,0,1,0.5,0.866
2019_01_13,0.365,0.301,0.337,0.84,0.728,0.785,0,0,0,1,0.5,0.866
2019_01_14,0.353,0.28,0.315,0.864,0.654,0.768,0,0,1,0,0.5,0.866
2019_01_15,0.339,0.197,0.267,0.926,0.58,0.762,0,0,0,1,0.5,0.866
2019_01_16,0.429,0.196,0.288,0.864,0.395,0.627,0,0,0,1,0.5,0.866
2019_01_17,0.378,0.252,0.328,0.802,0.531,0.65,0,0,0,1,0.5,0.866
2019_01_18,0.281,0.148,0.217,0.914,0.37,0.686,0,1,0,0,0.5,0.866
2019_01_19,0.256,0.16,0.206,0.728,0.432,0.601,0,0,1,0,0.5,0.866
2019_01_20,0.337,0.18,0.26,0.79,0.543,0.684,1,0,0,0,0.5,0.866
2019_01_21,0.243,0.161,0.196,0.889,0.593,0.726,1,0,0,0,0.5,0.866
2019_01_22,0.268,0.141,0.185,0.914,0.481,0.702,0,0,1,0,0.5,0.866
2019_01_23,0.299,0.177,0.221,0.864,0.383,0.67,1,0,0,0,0.5,0.866
2019_01_24,0.206,0.109,0.159,0.901,0.519,0.75,1,0,0,0,0.5,0.866
2019_01_25,0.214,0.131,0.173,0.827,0.481,0.645,0,0,1,0,0.5,0.866
2019_01_26,0.383,0.201,0.294,0.889,0.605,0.749,0,0,0,1,0.5,0.866
2019_01_27,0.412,0.253,0.329,0.827,0.457,0.652,0,0,0,1,0.5,0.866
2019_01_28,0.273,0.222,0.244,0.864,0.654,0.789,0,0,0,1,0.5,0.866
2019_01_29,0.309,0.177,0.235,0.864,0.358,0.692,0,0,1,0,0.5,0.866
2019_01_30,0.255,0.186,0.224,0.79,0.407,0.609,0,1,0,0,0.5,0.866
2019_01_31,0.346,0.143,0.236,0.864,0.432,0.659,0,1,0,0,0.5,0.866
2019_02_01,0.387,0.292,0.333,0.877,0.469,0.726,0,1,0,0,0.866,0.5
2019_02_02,0.394,0.275,0.32,0.802,0.58,0.712,0,0,1,0,0.866,0.5
2019_02_03,0.277,0.173,0.233,0.926,0.617,0.799,0,0,1,0,0.866,0.5
2019_02_04,0.317,0.132,0.21,0.926,0.37,0.683,0,0,0,1,0.866,0.5
2019_02_05,0.34,0.204,0.249,0.728,0.346,0.559,0,0,1,0,0.866,0.5
2019_02_06,0.354,0.17,0.253,0.728,0.321,0.479,0,0,1,0,0.866,0.5
2019_02_07,0.433,0.219,0.307,0.889,0.272,0.66,0,0,0,1,0.866,0.5
2019_02_08,0.392,0.222,0.299,0.852,0.519,0.686,0,0,0,1,0.866,0.5
2019_02_09,0.451,0.312,0.384,0.741,0.42,0.601,0,0,0,1,0.866,0.5
2019_02_10,0.473,0.285,0.383,0.753,0.42,0.608,0,0,1,0,0.866,0.5
2019_02_11,0.329,0.222,0.277,0.84,0.568,0.728,0,0,1,0,0.866,0.5
2019_02_12,0.363,0.211,0.276,0.951,0.383,0.699,0,1,0,0,0.866,0.5
2019_02_13,0.434,0.185,0.289,0.79,0.321,0.585,0,0,1,0,0.866,0.5
2019_02_14,0.487,0.213,0.322,0.84,0.358,0.564,1,0,0,0,0.866,0.5
2019_02_15,0.505,0.183,0.322,0.778,0.333,0.585,0,1,0,0,0.866,0.5
2019_02_16,0.529,0.271,0.378,0.667,0.247,0.45,0,1,0,0,0.866,0.5
2019_02_17,0.551,0.306,0.403,0.519,0.16,0.337,0,0,1,0,0.866,0.5
2019_02_18,0.486,0.278,0.39,0.63,0.21,0.428,0,1,0,0,0.866,0.5
2019_02_19,0.499,0.283,0.382,0.654,0.444,0.546,0,0,1,0,0.866,0.5
2019_02_20,0.508,0.298,0.403,0.926,0.469,0.675,0,0,1,0,0.866,0.5
2019_02_21,0.553,0.307,0.419,0.84,0.321,0.608,0,0,1,0,0.866,0.5
2019_02_22,0.482,0.359,0.405,0.765,0.556,0.671,1,0,0,0,0.866,0.5
2019_02_23,0.494,0.24,0.35,0.827,0.025,0.385,0,1,0,0,0.866,0.5
2019_02_24,0.455,0.201,0.312,0.444,0.148,0.266,1,0,0,0,0.866,0.5
2019_02_25,0.487,0.245,0.352,0.642,0.296,0.431,1,0,0,0,0.866,0.5
2019_02_26,0.532,0.256,0.401,0.765,0.444,0.617,1,0,0,0,0.866,0.5
2019_02_27,0.556,0.289,0.425,0.679,0.321,0.517,1,0,0,0,0.866,0.5
2019_02_28,0.569,0.324,0.445,0.691,0.272,0.454,0,0,1,0,0.866,0.5
2019_03_01,0.421,0.329,0.382,0.852,0.642,0.739,0,1,0,0,1,0
2019_03_02,0.488,0.279,0.382,0.901,0.395,0.671,0,0,1,0,1,0
2019_03_03,0.551,0.296,0.424,0.802,0.259,0.507,0,0,0,1,1,0
2019_03_04,0.482,0.313,0.411,0.679,0.247,0.453,0,0,0,1,1,0
2019_03_05,0.468,0.276,0.367,0.728,0.309,0.534,0,0,0,1,1,0
2019_03_06,0.594,0.201,0.413,0.802,0.025,0.366,0,0,0,1,1,0
2019_03_07,0.449,0.319,0.389,0.765,0.309,0.529,0,0,0,1,1,0
2019_03_08,0.455,0.34,0.383,0.716,0.296,0.527,0,0,0,1,1,0
2019_03_09,0.495,0.334,0.413,0.728,0.346,0.587,0,0,0,1,1,0
2019_03_10,0.524,0.356,0.45,0.79,0.494,0.619,0,0,1,0,1,0
2019_03_11,0.343,0.232,0.29,0.79,0.481,0.608,0,0,0,1,1,0
2019_03_12,0.482,0.188,0.344,0.802,0.025,0.396,0,0,0,1,1,0
2019_03_13,0.403,0.268,0.326,0.79,0.444,0.638,0,0,0,1,1,0
2019_03_14,0.388,0.275,0.322,0.852,0.617,0.735,0,0,0,1,1,0
2019_03_15,0.47,0.37,0.424,0.84,0.667,0.761,0,0,0,1,1,0
2019_03_16,0.555,0.362,0.445,0.778,0.346,0.566,0,0,0,1,1,0
2019_03_17,0.501,0.283,0.391,0.741,0.21,0.48,0,0,0,1,1,0
2019_03_18,0.373,0.21,0.294,0.938,0.457,0.672,0,1,0,0,1,0
2019_03_19,0.419,0.249,0.337,0.778,0.358,0.56,1,0,0,0,1,0
2019_03_20,0.487,0.184,0.328,0.852,0.198,0.521,0,1,0,0,1,0
2019_03_21,0.52,0.207,0.346,0.753,0.284,0.539,0,1,0,0,1,0
2019_03_22,0.584,0.227,0.421,0.765,0.259,0.479,1,0,0,0,1,0
2019_03_23,0.593,0.373,0.473,0.691,0.247,0.505,0,1,0,0,1,0
2019_03_24,0.597,0.336,0.458,0.975,0.346,0.674,1,0,0,0,1,0
2019_03_25,0.423,0.303,0.376,0.877,0.309,0.541,0,0,0,1,1,0
2019_03_26,0.422,0.225,0.322,0.889,0.296,0.595,1,0,0,0,1,0
2019_03_27,0.491,0.227,0.363,0.753,0.259,0.515,1,0,0,0,1,0
2019_03_28,0.54,0.225,0.377,0.815,0.222,0.55,1,0,0,0,1,0
2019_03_29,0.572,0.278,0.424,0.802,0.284,0.54,1,0,0,0,1,0
2019_03_30,0.615,0.355,0.493,0.481,0.173,0.319,1,0,0,0,1,0
2019_03_31,0.639,0.396,0.504,0.58,0.173,0.414,0,0,0,1,1,0
2019_04_01,0.595,0.314,0.453,0.938,0.395,0.649,0,0,1,0,0.866,-0.5
2019_04_02,0.624,0.403,0.509,0.667,0.21,0.427,0,0,1,0,0.866,-0.5
2019_04_03,0.464,0.263,0.368,0.877,0.444,0.681,0,1,0,0,0.866,-0.5
2019_04_04,0.298,0.203,0.245,0.951,0.728,0.869,0,1,0,0,0.866,-0.5
2019_04_05,0.458,0.202,0.325,0.815,0.42,0.62,0,1,0,0,0.866,-0.5
2019_04_06,0.558,0.247,0.416,0.691,0.309,0.483,0,1,0,0,0.866,-0.5
2019_04_07,0.442,0.359,0.413,0.765,0.519,0.656,1,0,0,0,0.866,-0.5
2019_04_08,0.528,0.364,0.44,0.815,0.407,0.63,1,0,0,0,0.866,-0.5
2019_04_09,0.525,0.358,0.435,0.864,0.42,0.655,0,0,1,0,0.866,-0.5
2019_04_10,0.452,0.328,0.395,0.951,0.765,0.853,0,0,0,1,0.866,-0.5
2019_04_11,0.51,0.276,0.399,0.963,0.346,0.631,0,0,1,0,0.866,-0.5
2019_04_12,0.478,0.209,0.359,0.815,0.395,0.543,0,1,0,0,0.866,-0.5
2019_04_13,0.371,0.229,0.307,0.753,0.444,0.584,0,1,0,0,0.866,-0.5
2019_04_14,0.429,0.194,0.306,0.938,0.383,0.666,0,1,0,0,0.866,-0.5
2019_04_15,0.59,0.227,0.416,0.938,0.284,0.584,0,1,0,0,0.866,-0.5
2019_04_16,0.536,0.342,0.44,0.802,0.358,0.532,0,1,0,0,0.866,-0.5
2019_04_17,0.616,0.412,0.503,0.889,0.333,0.623,1,0,0,0,0.866,-0.5
2019_04_18,0.682,0.352,0.523,0.667,0.21,0.434,0,0,1,0,0.866,-0.5
2019_04_19,0.704,0.368,0.551,0.753,0.173,0.43,0,0,1,0,0.866,-0.5
2019_04_20,0.721,0.421,0.574,0.617,0.148,0.418,0,1,0,0,0.866,-0.5
2019_04_21,0.724,0.4,0.561,0.704,0.099,0.409,0,1,0,0,0.866,-0.5
2019_04_22,0.705,0.384,0.551,0.531,0.086,0.329,0,1,0,0,0.866,-0.5
2019_04_23,0.693,0.362,0.549,0.63,0.235,0.418,0,0,1,0,0.866,-0.5
2019_04_24,0.735,0.424,0.55,0.58,0.123,0.45,0,0,1,0,0.866,-0.5
2019_04_25,0.723,0.329,0.526,0.889,0.062,0.469,0,0,1,0,0.866,-0.5
2019_04_26,0.51,0.338,0.415,0.877,0.395,0.673,0,1,0,0,0.866,-0.5
2019_04_27,0.493,0.345,0.402,0.79,0.444,0.648,0,0,0,1,0.866,-0.5
2019_04_28,0.433,0.271,0.357,0.84,0.457,0.673,0,0,1,0,0.866,-0.5
2019_04_29,0.514,0.333,0.42,0.79,0.346,0.556,1,0,0,0,0.866,-0.5
2019_04_30,0.543,0.4,0.465,0.765,0.407,0.592,1,0,0,0,0.866,-0.5
2019_05_01,0.625,0.316,0.495,0.938,0.309,0.572,1,0,0,0,0.5,-0.866
2019_05_02,0.611,0.408,0.483,0.815,0.296,0.618,1,0,0,0,0.5,-0.866
2019_05_03,0.517,0.378,0.439,0.926,0.469,0.678,1,0,0,0,0.5,-0.866
2019_05_04,0.466,0.243,0.343,0.84,0.506,0.74,0,0,0,1,0.5,-0.866
2019_05_05,0.433,0.179,0.308,0.926,0.235,0.579,0,0,1,0,0.5,-0.866
2019_05_06,0.475,0.24,0.367,0.778,0.296,0.495,0,1,0,0,0.5,-0.866
2019_05_07,0.571,0.28,0.443,0.679,0.198,0.403,1,0,0,0,0.5,-0.866
2019_05_08,0.484,0.395,0.452,0.852,0.346,0.646,0,0,1,0,0.5,-0.866
2019_05_09,0.51,0.368,0.453,0.765,0.42,0.589,0,0,1,0,0.5,-0.866
2019_05_10,0.578,0.353,0.48,0.802,0.432,0.609,1,0,0,0,0.5,-0.866
2019_05_11,0.534,0.397,0.482,0.852,0.444,0.62,0,1,0,0,0.5,-0.866
2019_05_12,0.51,0.326,0.419,0.938,0.309,0.583,0,1,0,0,0.5,-0.866
2019_05_13,0.575,0.22,0.42,0.914,0.148,0.443,0,1,0,0,0.5,-0.866
2019_05_14,0.542,0.25,0.414,0.704,0.16,0.389,0,0,1,0,0.5,-0.866
2019_05_15,0.551,0.245,0.405,0.741,0.222,0.461,0,1,0,0,0.5,-0.866
2019_05_16,0.552,0.274,0.432,0.84,0.407,0.605,0,0,1,0,0.5,-0.866
2019_05_17,0.617,0.364,0.499,0.778,0.284,0.58,0,1,0,0,0.5,-0.866
2019_05_18,0.603,0.386,0.521,0.802,0.42,0.592,1,0,0,0,0.5,-0.866
2019_05_19,0.554,0.449,0.507,0.877,0.63,0.753,0,1,0,0,0.5,-0.866
2019_05_20,0.553,0.452,0.498,0.889,0.691,0.819,0,1,0,0,0.5,-0.866
2019_05_21,0.58,0.44,0.511,0.852,0.543,0.695,0,1,0,0,0.5,-0.866
2019_05_22,0.64,0.416,0.53,0.741,0.259,0.516,1,0,0,0,0.5,-0.866
2019_05_23,0.677,0.415,0.558,0.753,0.296,0.526,1,0,0,0,0.5,-0.866
2019_05_24,0.717,0.45,0.599,0.741,0.222,0.481,1,0,0,0,0.5,-0.866
2019_05_25,0.619,0.491,0.562,0.778,0.494,0.617,1,0,0,0,0.5,-0.866
2019_05_26,0.688,0.442,0.572,0.901,0.309,0.593,0,0,1,0,0.5,-0.866
2019_05_27,0.653,0.47,0.573,0.716,0.395,0.543,0,1,0,0,0.5,-0.866
2019_05_28,0.539,0.4,0.486,0.815,0.494,0.686,1,0,0,0,0.5,-0.866
2019_05_29,0.559,0.399,0.474,0.815,0.42,0.619,0,1,0,0,0.5,-0.866
2019_05_30,0.671,0.396,0.548,0.741,0.185,0.479,0,0,0,1,0.5,-0.866
2019_05_31,0.728,0.476,0.614,0.753,0.333,0.502,0,0,1,0,0.5,-0.866
2019_06_01,0.791,0.51,0.668,0.716,0.296,0.496,1,0,0,0,0,-1
2019_06_02,0.84,0.522,0.707,0.753,0.21,0.458,0,0,1,0,0,-1
2019_06_03,0.834,0.611,0.698,0.765,0.235,0.547,0,0,1,0,0,-1
2019_06_04,0.893,0.552,0.726,0.79,0.16,0.483,0,1,0,0,0,-1
2019_06_05,0.86,0.572,0.724,0.679,0.222,0.402,0,1,0,0,0,-1
2019_06_06,0.62,0.424,0.535,0.716,0.37,0.531,0,0,1,0,0,-1
2019_06_07,0.802,0.456,0.592,0.84,0.222,0.527,0,0,1,0,0,-1
2019_06_08,0.661,0.428,0.556,0.568,0.198,0.362,0,0,0,1,0,-1
2019_06_09,0.623,0.45,0.543,0.926,0.42,0.661,0,1,0,0,0,-1
2019_06_10,0.648,0.506,0.55,0.951,0.58,0.865,1,0,0,0,0,-1
2019_06_11,0.566,0.475,0.509,0.926,0.642,0.83,1,0,0,0,0,-1
2019_06_12,0.652,0.427,0.547,0.877,0.395,0.606,1,0,0,0,0,-1
2019_06_13,0.726,0.501,0.618,0.679,0.198,0.424,0,0,1,0,0,-1
2019_06_14,0.833,0.508,0.673,0.753,0.173,0.467,0,1,0,0,0,-1
2019_06_15,0.723,0.542,0.624,0.901,0.395,0.67,1,0,0,0,0,-1
2019_06_16,0.689,0.491,0.598,0.914,0.383,0.645,0,0,1,0,0,-1
2019_06_17,0.797,0.461,0.652,0.827,0.284,0.547,1,0,0,0,0,-1
2019_06_18,0.828,0.577,0.717,0.778,0.247,0.513,1,0,0,0,0,-1
2019_06_19,0.866,0.608,0.74,0.691,0.173,0.385,1,0,0,0,0,-1
2019_06_20,0.687,0.587,0.639,0.815,0.506,0.681,0,0,1,0,0,-1
2019_06_21,0.705,0.529,0.618,0.827,0.469,0.659,0,1,0,0,0,-1
2019_06_22,0.642,0.539,0.593,0.926,0.679,0.816,0,1,0,0,0,-1
2019_06_23,0.795,0.538,0.664,0.951,0.37,0.656,0,1,0,0,0,-1
2019_06_24,0.893,0.566,0.739,0.802,0.247,0.535,1,0,0,0,0,-1
2019_06_25,0.972,0.63,0.807,0.765,0.247,0.507,0,1,0,0,0,-1
2019_06_26,1,0.727,0.874,0.679,0.235,0.471,0,0,1,0,0,-1
2019_06_27,0.931,0.69,0.81,0.852,0.444,0.606,0,0,0,1,0,-1
2019_06_28,0.875,0.574,0.736,0.667,0.37,0.465,0,0,1,0,0,-1
2019_06_29,0.932,0.574,0.766,0.753,0.111,0.468,0,1,0,0,0,-1
2019_06_30,0.957,0.666,0.83,0.765,0.21,0.466,0,0,1,0,0,-1
2019_07_01,0.916,0.726,0.811,0.716,0.333,0.526,0,1,0,0,-0.5,-0.866
2019_07_02,0.791,0.575,0.688,0.79,0.407,0.582,1,0,0,0,-0.5,-0.866
2019_07_03,0.792,0.538,0.668,0.728,0.321,0.528,0,1,0,0,-0.5,-0.866
2019_07_04,0.806,0.484,0.656,0.802,0.333,0.555,1,0,0,0,-0.5,-0.866
2019_07_05,0.872,0.591,0.727,0.617,0.099,0.384,1,0,0,0,-0.5,-0.866
2019_07_06,0.914,0.611,0.76,0.741,0.16,0.416,1,0,0,0,-0.5,-0.866
2019_07_07,0.772,0.608,0.694,0.901,0.358,0.609,1,0,0,0,-0.5,-0.866
2019_07_08,0.659,0.532,0.597,0.815,0.469,0.599,1,0,0,0,-0.5,-0.866
2019_07_09,0.701,0.438,0.582,0.728,0.358,0.509,1,0,0,0,-0.5,-0.866
2019_07_10,0.72,0.422,0.588,0.79,0.247,0.483,1,0,0,0,-0.5,-0.866
2019_07_11,0.694,0.532,0.622,0.667,0.395,0.512,1,0,0,0,-0.5,-0.866
2019_07_12,0.756,0.55,0.645,0.778,0.321,0.587,1,0,0,0,-0.5,-0.866
2019_07_13,0.699,0.551,0.615,0.802,0.333,0.587,0,1,0,0,-0.5,-0.866
2019_07_14,0.661,0.516,0.589,0.728,0.481,0.632,0,0,1,0,-0.5,-0.866
2019_07_15,0.722,0.452,0.607,0.901,0.358,0.598,1,0,0,0,-0.5,-0.866
2019_07_16,0.767,0.481,0.641,0.84,0.247,0.546,1,0,0,0,-0.5,-0.866
2019_07_17,0.804,0.56,0.69,0.679,0.185,0.436,1,0,0,0,-0.5,-0.866
2019_07_18,0.812,0.586,0.711,0.568,0.185,0.383,0,0,1,0,-0.5,-0.866
2019_07_19,0.793,0.608,0.714,0.642,0.272,0.458,0,1,0,0,-0.5,-0.866
2019_07_20,0.912,0.6,0.761,0.716,0.148,0.457,0,0,1,0,-0.5,-0.866
2019_07_21,0.813,0.657,0.739,0.79,0.309,0.541,1,0,0,0,-0.5,-0.866
2019_07_22,0.861,0.579,0.733,0.815,0.247,0.515,0,0,1,0,-0.5,-0.866
2019_07_23,0.935,0.621,0.788,0.741,0.173,0.441,0,1,0,0,-0.5,-0.866
2019_07_24,0.983,0.655,0.834,0.753,0.16,0.448,0,0,1,0,-0.5,-0.866
2019_07_25,0.986,0.656,0.848,0.765,0.198,0.452,0,1,0,0,-0.5,-0.866
2019_07_26,0.913,0.77,0.845,0.605,0.148,0.414,0,1,0,0,-0.5,-0.866
2019_07_27,0.761,0.63,0.686,0.852,0.531,0.705,0,1,0,0,-0.5,-0.866
2019_07_28,0.662,0.564,0.611,0.889,0.63,0.757,0,0,1,0,-0.5,-0.866
2019_07_29,0.765,0.541,0.661,0.827,0.407,0.568,0,1,0,0,-0.5,-0.866
2019_07_30,0.806,0.589,0.702,0.753,0.333,0.531,0,0,1,0,-0.5,-0.866
2019_07_31,0.727,0.576,0.648,0.765,0.296,0.527,0,0,0,1,-0.5,-0.866
2019_08_01,0.763,0.535,0.659,0.691,0.284,0.454,0,1,0,0,-0.866,-0.5
2019_08_02,0.777,0.602,0.684,0.593,0.309,0.438,0,1,0,0,-0.866,-0.5
2019_08_03,0.749,0.556,0.662,0.605,0.309,0.458,1,0,0,0,-0.866,-0.5
2019_08_04,0.816,0.529,0.687,0.753,0.222,0.485,1,0,0,0,-0.866,-0.5
2019_08_05,0.861,0.646,0.756,0.642,0.235,0.443,0,0,1,0,-0.866,-0.5
2019_08_06,0.85,0.654,0.746,0.79,0.346,0.55,0,0,1,0,-0.866,-0.5
2019_08_07,0.678,0.599,0.636,0.938,0.654,0.829,0,0,0,1,-0.866,-0.5
2019_08_08,0.8,0.531,0.671,0.852,0.346,0.586,0,1,0,0,-0.866,-0.5
2019_08_09,0.951,0.585,0.774,0.84,0.222,0.495,0,0,1,0,-0.866,-0.5
2019_08_10,0.775,0.625,0.699,0.827,0.284,0.544,0,0,0,1,-0.866,-0.5
2019_08_11,0.816,0.552,0.666,0.877,0.346,0.544,0,0,0,1,-0.866,-0.5
2019_08_12,0.654,0.514,0.569,0.914,0.519,0.746,0,1,0,0,-0.866,-0.5
2019_08_13,0.664,0.499,0.59,0.753,0.346,0.528,0,0,1,0,-0.866,-0.5
2019_08_14,0.707,0.48,0.603,0.617,0.222,0.423,0,0,1,0,-0.866,-0.5
2019_08_15,0.715,0.508,0.623,0.642,0.346,0.46,0,0,1,0,-0.866,-0.5
2019_08_16,0.74,0.525,0.637,0.728,0.272,0.486,0,1,0,0,-0.866,-0.5
2019_08_17,0.775,0.561,0.673,0.728,0.284,0.488,0,0,0,1,-0.866,-0.5
2019_08_18,0.887,0.6,0.738,0.716,0.222,0.493,0,0,1,0,-0.866,-0.5
2019_08_19,0.714,0.637,0.678,0.852,0.519,0.688,0,0,0,1,-0.866,-0.5
2019_08_20,0.628,0.497,0.557,0.901,0.63,0.8,0,1,0,0,-0.866,-0.5
2019_08_21,0.726,0.438,0.584,0.914,0.309,0.621,1,0,0,0,-0.866,-0.5
2019_08_22,0.756,0.463,0.619,0.889,0.469,0.655,1,0,0,0,-0.866,-0.5
2019_08_23,0.808,0.532,0.677,0.84,0.358,0.611,1,0,0,0,-0.866,-0.5
2019_08_24,0.795,0.559,0.698,0.864,0.383,0.598,1,0,0,0,-0.866,-0.5
2019_08_25,0.839,0.58,0.719,0.765,0.222,0.496,1,0,0,0,-0.866,-0.5
2019_08_26,0.853,0.606,0.733,0.691,0.222,0.461,1,0,0,0,-0.866,-0.5
2019_08_27,0.876,0.585,0.742,0.679,0.247,0.441,1,0,0,0,-0.866,-0.5
2019_08_28,0.877,0.697,0.783,0.605,0.235,0.432,0,1,0,0,-0.866,-0.5
2019_08_29,0.835,0.679,0.745,0.642,0.383,0.519,0,1,0,0,-0.866,-0.5
2019_08_30,0.83,0.625,0.731,0.753,0.37,0.571,0,1,0,0,-0.866,-0.5
2019_08_31,0.875,0.595,0.739,0.827,0.235,0.541,0,1,0,0,-0.866,-0.5
2019_09_01,0.765,0.602,0.682,0.691,0.37,0.529,0,1,0,0,-1,0
2019_09_02,0.666,0.517,0.592,0.802,0.346,0.626,0,1,0,0,-1,0
2019_09_03,0.717,0.442,0.589,0.827,0.235,0.529,0,0,1,0,-1,0
2019_09_04,0.768,0.519,0.633,0.642,0.247,0.454,0,0,0,1,-1,0
2019_09_05,0.639,0.49,0.557,0.852,0.296,0.518,0,0,1,0,-1,0
2019_09_06,0.619,0.405,0.529,0.765,0.444,0.575,0,0,1,0,-1,0
2019_09_07,0.655,0.495,0.573,0.654,0.16,0.428,0,0,1,0,-1,0
2019_09_08,0.521,0.443,0.48,0.914,0.605,0.725,0,1,0,0,-1,0
2019_09_09,0.595,0.427,0.508,0.802,0.346,0.57,1,0,0,0,-1,0
2019_09_10,0.684,0.434,0.555,0.704,0.284,0.531,1,0,0,0,-1,0
2019_09_11,0.673,0.459,0.57,0.741,0.358,0.521,0,0,0,1,-1,0
2019_09_12,0.75,0.53,0.638,0.519,0.198,0.353,0,0,1,0,-1,0
2019_09_13,0.766,0.556,0.653,0.691,0.37,0.525,0,1,0,0,-1,0
2019_09_14,0.785,0.523,0.655,0.951,0.42,0.67,1,0,0,0,-1,0
2019_09_15,0.827,0.532,0.686,0.889,0.37,0.628,1,0,0,0,-1,0
2019_09_16,0.828,0.607,0.714,0.802,0.309,0.544,1,0,0,0,-1,0
2019_09_17,0.7,0.52,0.613,0.765,0.469,0.609,0,1,0,0,-1,0
2019_09_18,0.665,0.381,0.51,0.914,0.259,0.581,0,1,0,0,-1,0
2019_09_19,0.641,0.311,0.464,0.79,0.16,0.511,1,0,0,0,-1,0
2019_09_20,0.659,0.317,0.482,0.691,0.099,0.434,0,1,0,0,-1,0
2019_09_21,0.732,0.398,0.557,0.654,0.235,0.462,0,0,1,0,-1,0
2019_09_22,0.768,0.479,0.628,0.753,0.346,0.574,0,0,1,0,-1,0
2019_09_23,0.635,0.5,0.549,0.877,0.383,0.65,0,0,1,0,-1,0
2019_09_24,0.625,0.424,0.537,0.778,0.42,0.656,0,0,0,1,-1,0
2019_09_25,0.609,0.501,0.55,0.753,0.383,0.588,0,0,0,1,-1,0
2019_09_26,0.674,0.51,0.587,0.79,0.481,0.637,0,0,0,1,-1,0
2019_09_27,0.688,0.487,0.582,0.753,0.407,0.619,0,0,0,1,-1,0
2019_09_28,0.636,0.463,0.548,0.79,0.333,0.568,0,0,0,1,-1,0
2019_09_29,0.774,0.447,0.605,0.63,0.086,0.402,0,0,0,1,-1,0
2019_09_30,0.646,0.493,0.572,0.778,0.284,0.559,0,0,1,0,-1,0
